new_id,patient_name,age,gender,appointment_date,booking_date,doctor,department,billing_amount,follow_up_required
1001,Angela Rogers,18,M,2025-08-14,2025-04-10,Dr. Brian Smith,Orthopedics,362.08,N
1002,Christopher Singleton,81,F,2025-10-26,2025-02-19,Brandy Graves,General,65.06,Y
1003,Alejandro Lopez,85,M,2025-06-15,2024-07-03,Brian Bowman,Neurology,361.32,N
1004,Tiffany Stone,27,F,2025-08-18,2025-05-23,Henry Kelley,Neurology,180.76,N
1005,Ellen Stevens,35,M,2025-07-14,2024-07-02,Charles Wells,Orthopedics,479.79,N
1006,Haley King,84,M,2026-12-02,2024-06-21,Erin Carr,Cardiology,239.93,N
1007,Dave Summers,25,F,2026-02-09,2025-01-19,Traci Hopkins,Orthopedics,217.51,Y
1008,Brian Bolton,78,M,2025-08-18,2024-05-26,Natalie Patrick,Neurology,163.58,N
1009,Erik Davis,30,M,2025-05-30,2024-12-05,Amanda White,Neurology,,Y
1010,Jacqueline West,70,M,2026-01-19,2025-01-17,Steven Walker,General,148.74,Y
1011,Richard Griffin,61,M,2025-10-24,2025-08-21,Tina Gonzalez,Orthopedics,81.87,Y
1012,Melanie Gibson,50,M,2025-08-17,2024-09-23,Alison Stanton,Orthopedics,268.14,Y
1013,Jenny Black,33,F,2025-11-14,2025-09-06,Jamie Nunez,Neurology,381.93,N
1014,Michael Allen,64,F,2025-07-29,2024-06-08,Brian Osborne Dvm,Orthopedics,214.44,N
1015,Robert Hampton,90,M,2025-11-12,2025-09-04,Kevin Wilkinson,Neurology,323.18,N
1016,Lawrence Ford,89,F,2025-09-07,2025-01-03,Randall Watts,Neurology,167.8,Y
1017,Dr. Michele Copeland,35,,2025-09-25,2024-05-24,Debra Castillo,Neurology,187.28,Y
1018,Jeffrey Bates,87,M,2025-04-08,2024-12-04,Lisa Ho,Cardiology,401.55,Y
1019,Lindsey Green,28,,2025-02-06,2024-06-21,James Fleming,Neurology,270.71,N
1020,Maria Williams,22,M,2025-08-17,2025-01-05,Brandi Thomas,Orthopedics,189.17,N
1021,Bailey Williamson,88,F,2025-10-17,2025-05-24,George Singleton,Cardiology,368.53,N
1022,Cassandra Gardner,42,M,2025-10-14,2024-11-04,Gregory Kirk,Neurology,342.38,N
1023,Janet Gordon,41,,2025-05-14,2024-05-04,Michelle Johnson,General,398.73,N
1024,Stephen Butler,81,F,2025-05-22,2024-04-15,Shannon Martinez,Neurology,209.67,Y
1025,Katelyn Smith,19,,2025-10-16,2025-09-21,Robert Henry,Neurology,481.44,N
1026,Cheryl Calderon,29,F,2026-02-23,2024-04-04,Michael Adams,Orthopedics,55.55,N
1027,Zachary Cross,61,,2025-07-31,2025-04-23,Toni Rodriguez,Neurology,317.84,N
1028,Christine Herring,89,F,2025-12-22,2025-03-08,Kristin Hartman,General,453.73,Y
1029,Melissa Miranda,77,M,2025-06-03,2024-05-18,Jennifer Jones,Orthopedics,70.47,Y
1030,Corey Turner,27,,2025-06-05,2025-03-13,Heidi Baker,Orthopedics,435.1,Y
1031,Perry Crawford,79,M,2025-11-05,2024-07-22,Marvin Hicks,Cardiology,102.23,Y
1032,Cassandra Cain,64,F,2026-01-24,2025-02-08,Jessica Williams,Cardiology,79.59,N
1033,Kendra Jones,85,F,2025-07-30,2024-10-14,Karen Grimes,Cardiology,101.59,Y
1034,Jeremiah Perez,48,M,2025-07-25,2025-01-14,Michael Black,Orthopedics,91.94,N
1035,Joseph Pace,67,,2025-11-20,2025-02-08,Lydia Baker,Neurology,338.13,Y
1036,Samuel Harrison,53,,2025-08-09,2024-06-07,Hunter Powell,Neurology,492.92,Y
1037,Thomas Crawford,63,F,2025-05-13,2024-04-22,Ashley Shaw,General,296.85,N
1038,Phillip Blevins,64,,2026-12-03,2024-06-04,Darryl Garcia,General,124.85,Y
1039,Sheryl Lopez,27,M,2025-08-26,2024-09-10,Barbara Alvarado,Neurology,,Y
1040,Diana Collins,47,F,2025-11-25,2024-10-06,Glenn Bond,Cardiology,359.32,N
1041,Deborah Robinson,36,,2026-01-25,2024-10-30,Joseph Bell,Cardiology,159.21,Y
1042,Darin Caldwell,54,M,2025-09-03,2025-02-20,Danielle Pacheco,Cardiology,185.15,N
1043,Rachel Simmons,65,M,2025-08-12,2024-12-27,Robert Sanchez,Cardiology,188.72,Y
1044,Kathryn Bell,24,F,2025-06-13,2024-06-06,Andre Carter,Cardiology,442.72,N
1045,Pamela Davis,27,F,2025-11-23,2024-04-12,Kevin Fields,General,57.05,Y
1046,Katherine Rios,23,,2025-12-24,2025-01-05,Elizabeth Foster,Orthopedics,265.67,N
1047,Troy Richards,80,,2025-05-16,2024-11-13,Thomas Baker,Neurology,305.02,Y
1048,Bryan Meyers,84,F,2026-01-05,2025-11-07,Michael Trevino,Cardiology,499.36,N
1049,Andrea Mcbride,64,F,2025-09-15,2025-01-19,Laura Newman,Neurology,112.28,N
1050,Nicole Garcia,55,F,2025-08-07,2024-06-04,Guy Vaughn,Cardiology,125.33,N
1051,Cody Scott,69,M,2025-10-06,2024-11-29,Larry Cohen,Neurology,383.47,Y
1052,Max Martinez,63,,2025-09-21,2024-05-11,Joshua Sellers,Cardiology,352.03,Y
1053,Samuel Moore,69,M,2026-03-02,2024-11-21,Heather Everett,General,83.09,Y
1054,Michelle King,54,M,2025-05-07,2024-06-22,Anthony Hughes,General,386.3,N
1055,Mr. Phillip Baxter,80,M,2025-07-24,2025-01-16,Tricia Hunt,General,320.72,N
1056,Kathleen Jones,49,,2025-12-06,2024-08-11,Diana Baker,Cardiology,135.43,N
1057,Christina Spencer,61,M,2025-11-14,2024-05-10,Mark Kelley,Orthopedics,308.28,N
1058,Shannon Ramos,42,M,2025-11-04,2024-11-05,James Huber,Orthopedics,,Y
1059,Theresa Sanchez,56,,2026-02-03,2024-08-16,Amber Sullivan,General,286.43,Y
1060,Tiffany Burke,48,,2025-07-09,2025-03-04,Charles Lopez,Neurology,274.81,Y
1061,Charles Cruz,54,F,2026-01-27,2024-01-09,Jessica Sawyer,Orthopedics,91.65,N
1062,Rachel Nguyen,63,M,2025-12-13,2025-03-05,John Wolf,Neurology,416.85,N
1063,Brent Thompson,33,,2025-05-03,2024-11-23,Pamela Cunningham,Orthopedics,202.54,N
1064,Anthony Martin,54,F,2025-06-18,2024-06-11,Alex Richards,Neurology,119.63,N
1065,Richard Hernandez,20,M,2025-11-16,2025-09-18,Daniel Bradley,General,482.25,N
1066,Tina Cook,25,F,2025-12-05,2024-09-28,Paul Allen,Neurology,269.53,Y
1067,Courtney Everett,39,F,2026-01-09,2024-08-09,Ryan Chavez,Cardiology,260.91,N
1068,Lisa Smith,40,,2025-10-30,2024-07-31,Daniel Beck,Orthopedics,449.41,N
1069,Dakota Kelly,44,F,2025-10-07,2024-11-17,Andre Jones,Neurology,291.99,N
1070,Christian Guerrero,77,F,2026-01-07,2024-06-29,Jennifer Perez,Cardiology,298.89,Y
1071,Jack Cooper,67,F,2025-04-09,2024-06-20,Christopher Smith,General,244.49,N
1072,Shelly Chavez,34,F,2025-10-10,2025-05-02,Megan Morales,Neurology,431.45,N
1073,Jacqueline Howell,30,M,2026-02-21,2025-05-23,Felicia Smith,Cardiology,316.64,Y
1074,Darryl Murphy,82,M,2026-03-03,2024-11-03,Christian Chapman,Cardiology,207.23,N
1075,Michael Walsh,69,,2025-08-05,2025-01-24,Tammy Watts,Neurology,117.14,Y
1076,Kimberly Goodman,22,F,2025-12-09,2024-09-20,Luis Kim,General,351.04,Y
1077,George Houston,71,,2025-09-06,2024-05-21,Brian Vincent,Neurology,129.38,N
1078,Christine Price,69,F,2025-10-01,2024-05-23,Susan Brown,Orthopedics,258.21,N
1079,Tracy Perez,74,M,2026-03-19,2025-11-26,Lauren Rosario,Cardiology,466.87,N
1080,Sarah Davis,61,,2026-01-01,2025-08-14,Rebecca Thompson,General,402.6,N
1081,Frank Fields,30,F,2025-06-27,2025-05-21,Heather Diaz,General,168.86,Y
1082,Samantha Hoffman,37,M,2025-07-23,2025-03-14,Julie Smith,Cardiology,89.38,N
1083,Linda Murphy,63,M,2026-02-17,2026-01-11,Margaret Montoya,Cardiology,176.68,N
1084,Laura Chan,49,,2026-02-17,2026-01-16,Reginald Miller,Cardiology,177.93,N
1085,Adam Sanders,63,M,2025-08-08,2025-05-24,Patrick Floyd,General,466.97,Y
1086,Edward Taylor,67,F,2025-02-07,2024-06-04,Yvette Johnson,Orthopedics,388.8,N
1087,Misty Wells,64,M,2025-07-31,2024-08-23,Debra Booker,Neurology,353.8,Y
1088,Erica Robbins,68,F,2025-07-04,2024-10-31,Matthew Carlson,General,400.6,Y
1089,Steven Baldwin,87,,2025-06-05,2024-04-14,Lori Reid,Neurology,496.78,Y
1090,Christopher Massey,82,M,2025-07-15,2025-05-19,William Moore,Orthopedics,495.94,Y
1091,Richard Woodard,38,F,2026-02-11,2025-09-28,Whitney Hoffman,Orthopedics,91.27,N
1092,Aaron Young,60,M,2026-01-26,2024-09-05,Wendy Cochran,Cardiology,222.33,Y
1093,Anthony Cortez,57,M,2025-05-25,2025-03-28,Derrick Cook,General,225.83,Y
1094,Beth Murphy,71,F,2025-06-30,2024-08-13,Adam Davis,Orthopedics,330.71,Y
1095,Lucas Ray,21,F,2026-02-12,2025-07-02,Carrie Larsen,Neurology,138.59,Y
1096,Andre Crosby,72,F,2026-02-16,2024-07-07,Douglas Smith,General,235.81,N
1097,Lauren Burns,23,F,2025-04-12,2024-09-13,Amy Baxter,Cardiology,274.12,N
1098,Tina Gallagher,45,M,2026-03-16,2025-12-12,Tiffany Gates Md,Neurology,494.97,Y
1099,Susan Bautista,54,,2026-02-13,2024-11-06,Michael Schmidt,Orthopedics,325.86,N
1100,James Jimenez,53,,2025-10-26,2025-09-14,Ryan Marsh,Neurology,339.19,N
1101,Nathaniel Wood,66,M,2025-04-29,2025-04-07,Alec Hill,General,413.21,Y
1102,Allison Mcgrath,60,M,2025-06-22,2024-04-26,Morgan Mccoy,Cardiology,125.6,N
1103,Deanna Manning,50,F,2025-11-14,2025-09-14,Austin Stout,Cardiology,101.37,N
1104,Henry Carlson,65,F,2025-09-23,2024-01-04,Benjamin Brown,Orthopedics,230.11,Y
1105,Javier Hawkins,38,M,2026-02-01,2024-04-16,Debra Fields,Orthopedics,427.54,N
1106,Shawn Mendoza,36,,2026-03-25,2024-03-05,Erin Walton,Cardiology,77.99,N
1107,Gregory Hines,76,M,2026-07-02,2026-01-15,Rebecca Goodwin,Orthopedics,255.43,N
1108,Lydia Davis,30,F,2025-12-03,2024-05-18,Brian Rodriguez,Neurology,286.79,Y
1109,Mark Reeves,30,,2026-01-08,2025-08-19,Mark Hill,Cardiology,70.7,Y
1110,Kevin Thompson,59,F,2025-05-01,2024-10-02,Lynn Cruz,General,156.71,Y
1111,Ian Weaver,18,F,2026-01-19,2025-01-06,Audrey Torres,Neurology,317.16,Y
1112,Timothy Fowler,78,F,2025-07-15,2025-07-04,Donna Stephens,General,236.27,N
1113,Susan Winters,45,,2025-07-25,2024-08-31,Christopher Simpson,Orthopedics,353.09,N
1114,Edward Holland,86,M,2025-09-07,2025-01-11,Joe Rodriguez,Neurology,255.9,N
1115,Ashlee Warren,69,M,2026-01-21,2024-01-06,Cynthia Cruz,General,289.74,Y
1116,Sandra Murphy,25,M,2025-11-01,2024-07-29,Shelby Brown,Orthopedics,93.12,N
1117,Rachel Carlson,27,F,2026-01-05,2024-12-12,Paul Martinez,Neurology,379.39,Y
1118,Zachary Allen,21,F,2026-02-24,2025-06-04,Justin Smith,Neurology,,Y
1119,Gabriela Pope,62,F,2026-02-01,2025-02-26,Melissa Brown,Neurology,413.25,Y
1120,Eduardo Martinez,89,M,2025-10-14,2024-09-16,Craig Kelly,Cardiology,411.32,Y
1121,Gregory Arellano,71,,2025-08-05,2025-07-07,Natalie Smith,Orthopedics,400.62,N
1122,Robert Humphrey,24,,2025-04-10,2025-03-22,Vanessa Brown,Orthopedics,281.71,N
1123,Dr. Peggy Mendoza,60,,2025-04-12,2025-01-23,Ashley Flowers,Neurology,96.94,Y
1124,Connie Wheeler,29,,2025-12-30,2025-08-08,Sherri Buckley,Neurology,444.2,N
1125,Melissa Lane,81,F,2025-06-01,2024-08-19,Vanessa Pittman,Cardiology,122.6,N
1126,Dana Park,79,,2026-01-28,2024-04-03,Christopher Garrett,Neurology,341.27,Y
1127,Bradley Jones,61,,2025-07-14,2024-12-22,Douglas Patton,Cardiology,257.41,Y
1128,Alexis Moody,81,F,2025-05-29,2024-06-11,Jennifer Reyes,Orthopedics,201.8,Y
1129,Andrew Cross,67,F,2026-03-26,2026-07-03,Victor Warner,General,281.44,N
1130,Amy Mayer,26,,2025-09-28,2024-07-08,Jim Patterson,Cardiology,253.4,Y
1131,Michael Hamilton,29,F,2025-09-03,2024-07-27,Angie Smith,General,107.34,N
1132,Jennifer Schwartz,90,,2026-02-12,2024-08-14,Mrs. Michelle Ramsey,Orthopedics,474.34,N
1133,Ellen Rogers,31,,2025-08-30,2025-01-17,Tammie Melendez,General,424.17,Y
1134,Ashley Daniels,50,,2025-08-25,2024-06-18,Robert Davies,Neurology,63.38,Y
1135,Leon Anderson,63,,2025-11-28,2024-09-24,Mary Chandler,Neurology,427.62,Y
1136,Brenda Ward,43,,2025-11-26,2025-08-25,Tonya Smith,Neurology,425.67,Y
1137,Nicole Evans,86,F,2025-08-13,2024-09-21,Ashley Cuevas,Cardiology,459.41,Y
1138,Oscar Hunt,29,M,2025-06-11,2024-07-02,Michael Mason,Cardiology,363.04,Y
1139,Melissa Allen,35,F,2025-10-29,2025-06-13,Rodney Lopez,General,447.77,N
1140,Mason Morgan,53,M,2025-04-21,2024-08-25,James Cobb,General,299.03,N
1141,Nichole Anderson,87,,2025-05-10,2025-02-06,Richard Vega,Cardiology,316.89,Y
1142,Sherry Wilson,21,F,2025-12-07,2025-02-28,Pamela Wiley,Orthopedics,129.91,Y
1143,Kathleen Porter,66,M,2026-01-28,2025-05-06,Christine Calhoun,Neurology,367.06,N
1144,Stephen Hicks,88,,2025-10-19,2025-05-06,Christopher Underwood,Orthopedics,266.53,Y
1145,Gary Ramos,84,,2026-03-25,2025-08-31,Gregory Riley,Cardiology,353.35,Y
1146,Zachary Jones,53,,2025-03-10,2025-07-01,Alexander Lee,Orthopedics,304.51,N
1147,Rodney Gonzalez,21,F,2025-07-04,2025-02-07,Allison Ramos,Cardiology,168.33,N
1148,Veronica Shaw,86,,2025-09-22,2024-07-15,Michael Franco,Orthopedics,174.42,Y
1149,Chelsea Matthews,68,F,2025-07-12,2025-03-24,Elizabeth Obrien,Orthopedics,359.78,Y
1150,Elizabeth Bryant,37,,2025-07-19,2024-06-10,Rebecca Kim,Orthopedics,425.63,N
1151,Kim Allen,35,,2025-12-30,2025-03-31,Nancy Levine Md,Orthopedics,343.51,Y
1152,Pamela Young,40,,2025-05-30,2025-05-23,Yvonne Richardson,Orthopedics,136.23,Y
1153,Keith Douglas,49,M,2025-09-16,2025-05-02,Dawn Browning,Orthopedics,,N
1154,Jocelyn Strickland,22,M,2025-04-30,2024-07-10,Vincent Kemp,Cardiology,,N
1155,Kara Schneider,81,F,2025-07-21,2024-07-08,Ivan Russo,General,456.26,Y
1156,Wendy Andrews,46,M,2025-06-18,2024-10-19,Kimberly Wilcox,Orthopedics,353.07,Y
1157,Jennifer Barber,74,M,2025-12-06,2024-04-10,Christopher Smith,Neurology,56.63,Y
1158,Rita Joyce,78,F,2025-05-21,2024-08-18,Diana Neal,Neurology,92.45,Y
1159,Ryan Rodriguez,53,F,2025-05-29,2025-02-22,Eric Kennedy,Orthopedics,277.5,Y
1160,Travis Allen Md,44,M,2025-06-22,2024-06-18,Karen White,Orthopedics,157.66,Y
1161,Tyler Smith,42,,2025-11-05,2024-08-03,Melinda Smith,General,,Y
1162,Elizabeth Johnson,87,F,2026-01-24,2024-12-09,Dr. Mary Day,General,461.32,Y
1163,Jessica Price,31,,2025-10-27,2025-03-12,Justin Rice,Orthopedics,490.78,Y
1164,Heidi Sosa,29,M,2025-11-10,2025-05-17,Nancy Wilson,Cardiology,241.81,Y
1165,Joseph Banks,36,F,2025-12-05,2024-06-15,Susan Kelley,Neurology,108.6,N
1166,Elizabeth Duke,82,F,2026-01-15,2025-07-24,Michael Rogers,General,156.61,N
1167,Sabrina Wade,34,F,2025-07-20,2025-05-14,Randy Vargas,General,202.92,N
1168,Jeffrey Martinez,86,,2026-09-02,2026-01-21,Michael Ross,Neurology,469.3,N
1169,Erin Bates,50,M,2025-06-13,2025-01-15,Chelsea Harris,Cardiology,370.13,Y
1170,Alexander Rios,43,,2025-05-18,2024-07-22,Bryan Parker,Orthopedics,305.19,N
1171,Amber Trevino,86,F,2025-05-28,2024-10-07,Sarah Holder,Cardiology,,Y
1172,Jamie Miller,84,F,2026-02-05,2024-05-28,Gloria Perez,Orthopedics,191.19,N
1173,Nicole Green,55,M,2025-07-18,2024-07-06,Charles Owens,General,365.21,N
1174,Angela Watkins,34,F,2025-12-25,2024-12-09,Kyle Russell,Cardiology,109.31,N
1175,Matthew Cross,78,,2025-07-31,2025-06-24,Connie Wood,General,149.8,Y
1176,David Kramer,54,F,2026-03-25,2024-05-09,Anne Watkins,General,325.97,Y
1177,Joel Marshall,55,,2025-12-23,2025-02-23,Victoria Garcia,Neurology,306.8,N
1178,Alexander Harris,22,F,2025-10-30,2024-12-29,Jim Jones,Cardiology,99.0,N
1179,James Noble,68,,2025-06-25,2025-06-05,Dylan George,Cardiology,213.67,Y
1180,Mary Garcia,54,M,2025-10-21,2025-11-04,Brianna Ortega,General,252.53,Y
1181,Leonard Clark,56,F,2026-02-28,2025-02-08,Robert Foster,Cardiology,68.8,Y
1182,Jennifer Long,55,F,2026-03-01,2024-06-03,Thomas Hernandez,Neurology,320.66,N
1183,Monica Horton,53,,2025-10-11,2024-03-30,Kayla Stein,Neurology,277.21,Y
1184,Bryan Armstrong,68,M,2025-04-22,2025-04-03,Robert Escobar,Neurology,305.01,N
1185,Jessica Ali,70,F,2025-05-01,2024-09-17,Willie Rose,Cardiology,73.35,Y
1186,Carly Ford,20,F,2025-07-23,2025-06-22,Scott Tran,Neurology,138.29,N
1187,Chris Wells,71,M,2025-05-17,2024-12-25,Crystal Medina,Neurology,132.38,Y
1188,Eric Kim,33,F,2025-06-13,2024-06-09,Arthur Harris,General,,N
1189,David Chapman,66,F,2025-07-27,2025-07-17,Rachel Wells,Orthopedics,382.67,N
1190,Brittney Gonzales,38,,2025-12-20,2025-08-14,Kimberly Caldwell,Orthopedics,347.87,Y
1191,Bonnie Boone,35,F,2025-11-24,2024-11-05,Lorraine Figueroa,Orthopedics,114.45,Y
1192,Desiree Wilkins,34,F,2026-02-28,2025-07-31,Jamie Ford,General,305.84,Y
1193,Gabriel Yang,41,M,2025-10-31,2024-10-07,Justin Thomas,Neurology,236.58,N
1194,Scott Bishop,76,F,2025-05-30,2024-07-27,Dylan Gibson,General,405.85,N
1195,Joseph Hart,69,F,2025-04-09,2025-02-16,Ralph Fernandez,General,326.58,N
1196,Kristin Terry,50,M,2025-08-18,2025-05-17,Michael Brown,Neurology,67.97,Y
1197,Tim Flowers,31,,2025-09-29,2024-11-04,Kimberly Henson,Neurology,139.81,Y
1198,Kelsey Shaffer,56,M,2025-04-20,2024-12-07,Christina Simmons,Neurology,91.05,Y
1199,Brian Garrett,65,F,2026-01-24,2026-01-04,Tamara Williams,Cardiology,182.77,N
1200,Robert Williams,53,M,2025-07-24,2025-03-02,Jessica Chandler,Neurology,294.14,Y
1201,Jamie Peck,40,F,2026-01-14,2025-11-13,Lisa Garcia,Neurology,406.43,N
1202,William Wilson,52,M,2026-02-16,2025-03-14,Jacob Bernard,General,346.4,N
1203,Michael Newman Md,45,F,2025-11-29,2025-08-31,Ronald Santos,General,343.21,N
1204,Mrs. Jennifer Ingram,41,M,2025-09-11,2024-11-30,Katrina Williams Md,General,473.2,N
1205,Christopher Miller,51,M,2025-12-27,2025-11-01,Christine Arnold,General,476.26,N
1206,Lauren Gardner,43,F,2025-04-25,2025-04-01,Alison Castro,Neurology,186.4,N
1207,Matthew Davis,54,M,2025-09-20,2024-06-24,Megan Lopez,Cardiology,119.4,N
1208,Robert Brown,39,M,2025-06-28,2024-03-27,Jamie Sosa,General,195.21,Y
1209,Andrew Baker,27,,2025-05-04,2024-07-11,Michael Gillespie,General,486.57,Y
1210,James Carey,41,,2025-04-03,2024-08-22,James Berger,Orthopedics,470.08,Y
1211,Kelly Ayers,53,M,2026-02-16,2025-04-04,Justin Taylor,Neurology,443.75,Y
1212,William Villarreal,80,,2025-06-15,2024-08-17,Ronald Davis,Orthopedics,269.35,Y
1213,Gary Simpson,63,M,2025-07-05,2025-06-21,Veronica Chen,Neurology,462.6,Y
1214,Jessica Castillo,37,,2025-09-18,2024-11-17,Bryan Newton,Cardiology,436.91,N
1215,Ashley Martinez,68,,2025-07-05,2024-10-18,Spencer Torres,Orthopedics,296.8,N
1216,Taylor Farley,25,F,2025-10-01,2024-01-09,Christy Lewis,Cardiology,184.11,Y
1217,Craig Hunt,38,F,2025-11-01,2024-05-25,Cynthia Brown,Neurology,122.56,Y
1218,Michael Garcia,61,F,2026-03-04,2025-08-10,Barbara Mack,Neurology,310.15,Y
1219,Adam Mcdonald,28,F,2025-08-15,2024-11-17,David Schmidt,Cardiology,174.54,Y
1220,Alison Robinson,83,M,2025-09-15,2024-12-23,Jose Thomas,Orthopedics,175.6,N
1221,Katelyn Miller,23,F,2026-02-19,2024-09-16,Andrea Cruz,Orthopedics,382.34,Y
1222,Christopher Brown,28,,2026-02-13,2024-06-13,Kimberly Johnson,Neurology,154.48,N
1223,Kimberly Heath,19,,2025-10-19,2025-09-19,Amber Avila,Orthopedics,145.75,Y
1224,Linda Nicholson,24,F,2025-08-19,2025-05-10,Melissa Daniels,Neurology,425.91,Y
1225,Luke Brady,78,M,2025-10-09,2025-06-24,Adam Hall,General,427.98,Y
1226,Chad Tyler,89,,2026-02-02,2025-01-08,Tiffany Sullivan,Neurology,424.53,Y
1227,Kevin Jackson,56,M,2025-06-16,2024-05-31,David Love,Cardiology,157.36,N
1228,Michael Mack,70,M,2025-09-21,2024-11-06,John Larsen Ii,Orthopedics,411.01,Y
1229,Jerry White,76,,2025-08-19,2025-08-15,Steven Scott,General,151.58,Y
1230,Daniel Valenzuela,45,M,2025-06-21,2025-03-13,Karen Brewer,Cardiology,245.21,Y
1231,Mary Moon,36,,2025-10-13,2025-01-08,Ernest Rodriguez,Cardiology,91.29,N
1232,Zachary Lewis,46,F,2026-02-07,2024-12-19,Gary Washington,Neurology,351.94,Y
1233,Jared Lester,26,M,2025-10-20,2024-09-09,David Espinoza,Orthopedics,310.42,N
1234,Pamela Dalton,18,M,2025-10-06,2024-11-28,Christopher Jones,Orthopedics,466.56,N
1235,Alejandra Perkins,72,,2025-08-03,2025-04-11,Daniel Dickerson,Orthopedics,,Y
1236,Maria Douglas,86,,2026-02-17,2026-01-15,Daniel Evans,Orthopedics,489.64,Y
1237,Jeffrey Warren,60,F,2025-07-20,2024-11-21,Mrs. Michelle Reed,Cardiology,340.54,N
1238,Alex Webster,34,M,2026-02-11,2024-12-24,Lorraine Schroeder,Orthopedics,140.86,Y
1239,Alexander Vega,35,M,2025-08-17,2025-06-08,Karen Gomez,Neurology,270.15,Y
1240,Tristan Booth,22,,2025-10-07,2024-07-16,Alicia Hall,Neurology,477.72,N
1241,Natalie Miller,55,F,2025-10-12,2024-10-28,Derrick Glass,General,56.37,Y
1242,Debra Ford,33,,2026-02-22,2025-09-19,Allison Smith,Orthopedics,461.81,Y
1243,Kari Jackson,34,F,2025-10-01,2024-10-13,Jeremiah Rose,Orthopedics,376.08,N
1244,Kelsey Rice,20,M,2025-11-16,2024-11-19,Darren Jensen,General,190.44,N
1245,Christopher Trujillo,69,M,2025-04-06,2024-07-28,Keith Smith,Orthopedics,175.33,N
1246,James Malone,84,F,2025-09-26,2025-06-16,Rhonda Oconnor,Neurology,326.84,Y
1247,Shawn Moore,55,F,2025-11-15,2024-07-06,Rebecca Ward,General,316.26,N
1248,Brian Jones,23,F,2026-02-06,2025-03-09,Robert Navarro,Orthopedics,163.99,Y
1249,Kelly Morris,40,M,2025-11-08,2024-08-02,Matthew Mccann,Orthopedics,258.78,N
1250,Lindsay Harris,28,,2025-10-26,2025-02-22,Ryan Hughes,Orthopedics,444.38,Y
1251,Adrian Vincent,42,,2025-09-21,2024-12-05,William Coleman Md,Orthopedics,352.01,N
1252,Ashley Rodriguez,52,,2025-05-06,2024-11-06,Russell Zimmerman,Orthopedics,219.97,N
1253,Kelli Page,25,M,2025-10-08,2025-03-24,Stephanie Wall,Orthopedics,248.33,N
1254,Christine Vega,80,M,2025-04-27,2025-03-23,Jordan Cole,General,301.11,Y
1255,Brandon Martin,87,,2026-02-06,2024-08-11,John Miller,Neurology,446.44,Y
1256,Scott Thompson,49,M,2026-02-14,2025-03-11,Erika Richards,Neurology,466.59,N
1257,Miss Crystal Davis Dds,25,F,2025-07-07,2024-06-06,Christopher Hayes,General,490.55,Y
1258,Sandra Russo,42,,2026-01-25,2024-12-09,Michael Alexander,General,156.9,N
1259,Jason Hicks,86,F,2025-12-17,2025-09-19,Stacey Garcia,Orthopedics,330.37,N
1260,Alyssa Lucas,47,F,2026-01-06,2024-10-11,Daniel Ryan,Neurology,400.52,Y
1261,Kelly Mcknight,87,,2026-02-03,2025-12-07,Jerry Lopez,Neurology,146.2,Y
1262,Kim Morris,56,F,2025-12-20,2025-06-24,Michael Morris,General,197.66,N
1263,Jennifer Davis,47,F,2026-02-17,2024-05-09,Michael Bryant,Cardiology,215.89,N
1264,Michael Sullivan,63,M,2025-09-07,2024-07-31,Angela Thomas,Orthopedics,318.88,Y
1265,John Hensley,35,M,2025-09-23,2024-07-15,Paul Tate,Orthopedics,289.07,Y
1266,Adam Shelton,83,,2025-06-26,2025-12-06,Mary Thompson,Neurology,225.1,Y
1267,Kayla Drake,54,F,2025-12-27,2025-05-27,Jennifer Long Dds,Orthopedics,412.07,N
1268,Mary Wilson,27,F,2025-07-04,2025-03-17,Misty Higgins,Orthopedics,421.57,Y
1269,Diane Adams,81,F,2025-12-30,2025-09-01,Andrew Carroll,General,118.72,N
1270,Steven Richards,26,,2026-03-23,2025-01-11,Zachary Hamilton,Orthopedics,237.1,N
1271,Kelly Olsen,72,M,2025-08-27,2025-02-13,Christopher Bryant,Cardiology,252.38,Y
1272,Jamie Aguilar,77,F,2025-09-19,2024-08-20,Michael Duke,Cardiology,400.01,Y
1273,Benjamin Hughes,32,F,2026-03-02,2025-12-17,Nicholas Mcneil,Cardiology,125.31,Y
1274,Abigail Townsend,54,F,2025-12-10,2025-03-08,Allison Salazar,Orthopedics,406.61,Y
1275,Miss Stacey Weaver,75,M,2025-04-14,2024-06-20,Rachel Wilson,Orthopedics,442.41,N
1276,Timothy Matthews,56,M,2025-10-30,2024-05-18,Brandy Sutton,Orthopedics,485.5,N
1277,Matthew Johnson,22,,2025-12-17,2025-08-06,John Moran,Orthopedics,150.15,N
1278,Michael Heath,88,,2025-10-29,2025-03-22,Benjamin Brown,Cardiology,256.59,Y
1279,Michelle Johnson,24,M,2025-12-19,2025-07-01,Jennifer Brooks,General,492.98,Y
1280,Rebecca Franklin,43,,2025-07-03,2024-05-16,Daniel Love,Neurology,187.7,Y
1281,Hannah Perez,21,F,2025-07-11,2025-07-27,Rita Smith,Neurology,111.92,N
1282,Glenn Wall,26,,2025-09-15,2025-05-13,Sarah Peterson,Cardiology,112.9,Y
1283,Stephanie Moss,24,F,2026-03-04,2025-04-02,Jason Bray,General,52.32,Y
1284,Jeffrey Solis,49,F,2025-05-15,2025-04-09,William Nichols,Neurology,287.03,Y
1285,Kelly Hodge,55,M,2025-10-15,2025-05-28,Terry Jones,Orthopedics,175.09,N
1286,Sarah Taylor,43,F,2025-09-25,2024-10-30,Christopher Sexton,Cardiology,382.81,Y
1287,Darren Douglas,23,F,2026-02-01,2025-09-04,Andrew Gordon,Orthopedics,463.06,Y
1288,Jesse Robertson,24,M,2025-07-27,2025-07-19,Rebecca Gross,Orthopedics,95.25,Y
1289,Steve Ramirez,30,F,2025-07-19,2025-05-12,Michelle Jones,Orthopedics,451.11,N
1290,Darlene Hodge,69,M,2025-05-27,2025-04-20,Amanda Cruz,Orthopedics,63.14,N
1291,John Walsh,63,,2025-08-13,2024-09-03,Wanda Cox,Orthopedics,88.56,N
1292,Regina Giles,42,M,2025-10-24,2024-11-27,Kimberly Foster,Neurology,258.9,Y
1293,Jonathan Fernandez,40,M,2025-12-03,2025-08-09,Luis Nolan,Orthopedics,252.73,Y
1294,Robert Lewis,66,F,2025-10-23,2024-05-25,Samantha Cameron,Cardiology,490.08,Y
1295,Mr. Brian Anderson,25,F,2025-04-24,2024-04-14,Adrienne Roberts,Orthopedics,417.21,N
1296,Jesse Wood,69,M,2026-02-01,2024-09-23,Deborah Vasquez,Neurology,224.83,Y
1297,Victor Simmons,80,M,2026-10-02,2025-01-17,Christopher Nelson,Cardiology,485.31,N
1298,Brandon Carter,72,F,2025-10-05,2025-02-27,James Aguilar,Neurology,218.54,N
1299,Susan Delgado,39,M,2025-11-18,2025-11-04,Paula Mann,Neurology,304.86,N
1300,Jenny Martin,59,M,2025-11-30,2025-08-01,Andrew Terry,Orthopedics,394.58,Y
1301,Patrick Saunders,18,M,2025-11-09,2024-10-05,Casey Wagner,Orthopedics,208.91,N
1302,Lori Montgomery,18,M,2026-02-26,2025-07-09,Christy Fisher,Orthopedics,117.12,Y
1303,Nicole Hoffman,65,F,2025-06-08,2025-01-14,Robert Mitchell,General,325.25,N
1304,Ronald Taylor,43,M,2025-08-27,2024-05-11,Vanessa Jackson,Neurology,263.1,Y
1305,Jared Parrish,42,F,2025-08-05,2025-07-27,Wendy Herrera,Orthopedics,132.57,N
1306,Paul Hinton,49,F,2026-01-02,2025-11-29,Lindsey Fitzpatrick,Neurology,461.19,N
1307,Shannon Vargas,57,,2025-05-31,2025-02-14,Brian Caldwell,Orthopedics,341.11,N
1308,Robert Jimenez,23,M,2026-03-06,2024-07-20,Tony Randall,Cardiology,450.86,Y
1309,John Gonzalez,44,M,2026-01-19,2024-06-14,Richard Medina,Orthopedics,284.66,N
1310,Kayla Berger,29,F,2025-08-05,2024-09-27,Todd Oconnor,Orthopedics,,Y
1311,Katherine Rogers,50,F,2025-11-19,2025-01-15,Morgan Edwards,Orthopedics,431.21,Y
1312,Zachary Williams,33,,2025-09-13,2024-07-02,Selena Brown,Orthopedics,458.83,Y
1313,Michelle Bradford,31,,2026-03-17,2025-08-02,Robert Williams,Cardiology,419.74,Y
1314,Michael Watkins,35,M,2025-06-07,2025-03-05,Brian Deleon,General,313.04,Y
1315,Randy Austin,40,,2026-02-12,2024-04-12,Dr. Deborah Fitzgerald,Neurology,364.33,N
1316,Ryan Tucker,89,M,2026-02-18,2024-11-03,Barbara Owens,Orthopedics,224.61,N
1317,Amy Wood,43,F,2025-06-22,2025-01-25,John Shannon,Neurology,255.67,N
1318,Shannon Flores,19,,2025-09-07,2024-05-30,Scott Washington,Cardiology,248.78,Y
1319,Matthew Gutierrez,21,M,2026-02-08,2025-05-14,Lisa Smith,General,309.31,N
1320,Matthew Cox,88,M,2026-01-22,2024-04-07,Alexander Horton,General,100.2,N
1321,Terry Dennis,28,M,2025-07-14,2024-08-16,Kelsey Scott,Neurology,403.78,Y
1322,Stephen Cox,56,,2025-09-27,2025-02-05,Joseph King,Cardiology,99.17,N
1323,Michelle Harris,56,,2025-07-11,2024-12-06,Matthew Garrett,Orthopedics,130.72,Y
1324,Michele Green,48,,2025-06-30,2025-01-24,Nancy Hernandez,Orthopedics,88.58,N
1325,Christina Macdonald,64,F,2025-09-16,2025-01-23,Samuel Ramirez,General,91.36,Y
1326,Bridget Cooley,75,F,2026-02-22,2025-02-25,Ashley Edwards,General,144.78,Y
1327,Mckenzie Mccarty,38,,2025-05-19,2024-07-20,Larry Smith,Orthopedics,68.36,N
1328,Patricia King,68,M,2025-10-28,2024-10-16,Jennifer Adams,General,468.06,Y
1329,Paul Brock,76,F,2025-11-05,2025-05-23,Kayla Savage,Neurology,135.45,Y
1330,David Thompson,47,,2025-12-03,2025-08-24,Derek Velazquez,Cardiology,116.75,N
1331,Carl Sanchez,87,F,2025-06-04,2024-02-08,Christina Price,Orthopedics,446.06,N
1332,Courtney Hunt,74,,2025-08-17,2024-10-21,Mrs. Kayla Peterson,General,303.91,N
1333,Steven Morgan,58,M,2025-05-24,2024-09-09,Donna Adkins,Orthopedics,298.42,Y
1334,Kimberly Watson,60,F,2026-11-01,2025-07-25,Joseph Meyers,Neurology,,N
1335,Amanda Douglas,90,,2026-07-03,2024-06-25,Gregory Gonzalez,General,,N
1336,Chad Reed,68,M,2025-07-05,2025-01-23,Jennifer Adams,Neurology,453.06,N
1337,Thomas Nash,75,F,2025-06-05,2025-01-20,Justin Flores,Cardiology,180.6,Y
1338,Lisa Fisher,44,,2025-07-16,2025-12-06,Karen Martin,Neurology,417.38,Y
1339,Anthony Mitchell,37,,2025-10-09,2025-04-05,Theresa Osborne,Neurology,371.49,N
1340,Teresa Kim,71,M,2025-12-26,2024-04-27,Gregory Brown,Neurology,461.04,N
1341,Tara Garrison,41,M,2026-02-03,2025-10-04,Stacy Hartman,Cardiology,453.09,Y
1342,John Marsh,33,M,2025-04-05,2024-06-04,Michael Wright,General,407.7,Y
1343,Ronnie Roach,46,F,2025-08-13,2025-05-25,Jason Houston,Cardiology,167.5,Y
1344,Eddie Tate,53,M,2026-01-26,2024-09-27,Paul Johnson,Neurology,374.03,Y
1345,Michele Perry,90,,2025-08-07,2024-12-23,Leslie Gomez,Neurology,79.41,N
1346,Brian White,80,M,2025-08-03,2025-04-03,Rachel Howell,Neurology,387.58,Y
1347,Martha Zavala,58,M,2026-01-23,2024-04-14,Penny Freeman,Cardiology,153.05,Y
1348,Holly Potter,75,M,2025-11-21,2025-01-02,Christina Mitchell,General,274.5,Y
1349,Michael Glenn,60,,2025-11-13,2025-06-23,Robert Martinez,Cardiology,99.19,N
1350,Robert Edwards,84,,2025-10-09,2025-05-10,Ashley Gonzalez,Orthopedics,84.87,N
1351,Daniel Ballard,38,,2025-03-26,2025-03-02,Willie Williams,Cardiology,114.64,N
1352,Evan Price,87,,2025-07-31,2024-11-02,Brooke Ramos,Cardiology,369.12,Y
1353,Daniel Long,38,F,2025-11-17,2024-10-09,Jean Lawson Dds,Neurology,101.1,Y
1354,Daniel Braun,27,M,2026-03-20,2026-02-09,Tonya Kennedy,Cardiology,252.38,Y
1355,Jacob Price,25,M,2025-06-14,2024-04-27,Kimberly Rangel,Neurology,238.05,Y
1356,Suzanne Jenkins,44,,2025-10-13,2024-06-16,Maureen Jacobson,Orthopedics,248.97,Y
1357,Cameron Lopez,44,F,2025-04-27,2024-12-13,Christopher Williams,Orthopedics,163.0,Y
1358,Henry Snyder,59,,2025-10-16,2024-04-29,Theresa Simon,Cardiology,285.44,Y
1359,Melissa Berry Md,75,,2026-02-23,2024-10-16,Kathryn Hooper,Cardiology,462.97,N
1360,Kelsey Johnson,29,,2026-01-28,2024-03-12,Mallory Torres,Neurology,264.45,N
1361,Alexander Hammond,41,M,2025-06-29,2024-09-21,Tara Moore,Cardiology,286.71,N
1362,Michelle Hill,82,M,2025-08-12,2024-04-07,Rachel Sanchez,General,371.84,Y
1363,Katie Mcdaniel,76,,2026-01-10,2025-07-31,Aaron Perkins,General,136.77,Y
1364,Barbara Drake,20,,2025-08-26,2025-09-01,Julie Jacobs,Cardiology,285.97,N
1365,Brandi Boyd,90,,2025-08-12,2024-08-06,Mary Jacobson,Cardiology,96.2,N
1366,Kathy Banks,39,M,2025-11-25,2025-07-26,Anna Yoder,General,319.04,Y
1367,Karen Carter,22,F,2026-02-28,2025-03-22,Chase Clark,Neurology,401.33,Y
1368,David Reeves,52,,2025-12-06,2025-01-19,Marc Copeland,General,,N
1369,Amanda Stevenson,26,,2026-01-17,2024-06-28,Tyler Cunningham,General,158.91,N
1370,Donna Stone,29,F,2026-02-20,2024-08-22,Daniel Bender,Neurology,462.15,N
1371,April Braun,57,F,2025-04-29,2024-04-16,Jacob Mendoza,Neurology,110.47,Y
1372,Samantha Garner,54,,2025-06-16,2025-04-24,Jacob Hobbs,General,325.91,N
1373,Steven Phelps,19,F,2025-05-13,2024-07-18,Darren Williams,Cardiology,350.5,Y
1374,Lindsay Rodriguez,39,M,2025-10-23,2025-07-18,Troy Lynch,Orthopedics,,N
1375,Ashley Wright,45,F,2026-02-26,2025-03-06,Kristen Lopez,General,403.22,Y
1376,Alicia Davis,19,,2025-03-31,2024-10-27,John Gonzalez,Cardiology,296.7,N
1377,Jennifer Wells,79,F,2025-05-13,2024-09-02,David Cole,Orthopedics,82.84,N
1378,Robert Myers Dds,72,F,2025-08-27,2024-12-07,Luis Smith,Neurology,499.72,Y
1379,Deanna Abbott,46,F,2025-09-04,2025-05-08,Damon Hayes,Orthopedics,192.67,Y
1380,Erin Williams,69,F,2026-02-04,2024-10-17,Sean Hernandez,Cardiology,161.56,Y
1381,Shawn Castillo,68,M,2025-02-05,2025-02-15,Jennifer Carroll,Orthopedics,339.57,N
1382,Kimberly Diaz,47,F,2025-06-19,2024-05-07,David Guzman,Orthopedics,197.72,Y
1383,Donna Clark,40,,2025-03-09,2024-08-04,Joanne Adams,Cardiology,154.68,Y
1384,Robert Rodriguez,61,,2025-11-07,2025-09-21,Stephanie Douglas,General,264.27,N
1385,Emily Miller,55,M,2025-04-01,2024-09-13,Nicole Bates,Orthopedics,432.84,N
1386,Meghan Sanchez,58,M,2025-06-04,2024-08-05,Judith Watson,Neurology,282.36,Y
1387,Barbara Johnston,46,F,2025-07-29,2025-12-01,April Hood,Cardiology,160.18,Y
1388,Kenneth Graham,34,,2025-10-31,2025-03-19,Wayne Graham,Neurology,142.32,N
1389,Patrick Perez,62,M,2026-01-21,2024-12-13,Jesse Edwards,Neurology,290.14,Y
1390,Tammy Nelson,20,,2025-08-21,2024-04-15,Angel Aguilar,Cardiology,,N
1391,Regina Wilson,26,M,2025-08-14,2024-06-03,Jenny Zuniga,Cardiology,185.66,Y
1392,Jessica Williams,49,F,2025-06-21,2024-10-08,Corey King,General,110.44,N
1393,Jodi Floyd,35,M,2025-08-19,2025-06-15,Brett Arnold,General,458.11,N
1394,Chelsea Burns,62,,2025-12-29,2024-05-13,Michael Morales,Cardiology,193.6,Y
1395,Laura Ford,36,,2025-05-27,2024-12-02,Kyle Evans,Orthopedics,186.51,N
1396,Corey Smith,52,M,2025-05-18,2025-02-15,Luke Williams,Cardiology,130.7,N
1397,Benjamin Allen,20,F,2025-11-22,2025-06-04,Richard Johnson,Cardiology,257.17,N
1398,Briana Guerrero,33,F,2026-01-19,2024-03-30,Molly Warner,General,231.08,Y
1399,Kimberly Adkins,77,M,2025-12-15,2024-08-19,Tamara Rivera,Cardiology,,N
1400,Rachel Baker,22,F,2025-12-15,2024-05-18,Maria Gentry,Orthopedics,444.67,N
1401,Troy Marshall,67,F,2025-04-17,2024-09-15,Benjamin Robinson,Orthopedics,478.18,N
1402,Janet Lewis,65,,2025-10-28,2025-08-18,Gregory Neal,Neurology,303.42,N
1403,Lindsay Shaw,43,,2025-09-17,2024-05-09,Julia Mcmillan,Orthopedics,485.93,N
1404,Karen Walker,68,F,2026-03-07,2024-04-24,Natalie White,General,82.88,Y
1405,Dustin Willis,54,F,2025-08-22,2024-11-07,Jamie Hill,General,452.37,Y
1406,Amy Wilson,81,M,2025-09-26,2025-02-01,Nathan Mathews,Orthopedics,,N
1407,Nicole Shaw,20,M,2025-07-05,2025-01-19,Mr. Brian Morton,Neurology,,Y
1408,Frank Castaneda,70,,2025-07-26,2024-02-09,Christopher Chen,Neurology,,N
1409,Samantha Mosley,30,,2025-12-05,2024-09-03,Thomas Thomas,Neurology,200.01,Y
1410,Anthony Medina,60,F,2025-03-28,2024-11-14,Richard Walker,Orthopedics,498.48,Y
1411,Dawn Bryant,48,,2025-06-14,2025-03-21,Charles Nguyen,Cardiology,164.15,Y
1412,Erica Jimenez,75,M,2025-12-17,2024-09-22,Bethany Mcpherson,Neurology,438.16,N
1413,Daniel Cole,69,M,2025-05-06,2024-09-28,Dustin Jones,Cardiology,458.12,Y
1414,Derek Smith,82,,2025-05-23,2024-10-18,Jeremy Burton,Cardiology,215.76,N
1415,William Conley,28,,2025-09-27,2025-06-19,Thomas Wallace,General,88.29,N
1416,Dustin Perry,38,M,2026-01-25,2024-04-09,Adam Moore,Neurology,424.21,N
1417,Jessica Johnson,66,,2025-11-22,2025-09-07,Kevin Weaver,Neurology,166.59,Y
1418,Matthew Rivera,31,,2025-03-07,2025-04-26,Theodore Bean,Orthopedics,255.82,N
1419,Angel Kelly,82,F,2025-12-15,2025-07-21,Stephanie Taylor,General,426.86,N
1420,Daniel Garrett,38,M,2026-01-28,2025-06-01,Francisco Steele,Neurology,424.5,N
1421,Edward Thomas,80,F,2025-09-28,2024-08-30,Teresa Medina,Neurology,84.72,Y
1422,David Young,58,,2025-11-06,2025-05-15,Amy Williams,Cardiology,226.97,N
1423,Alexandra Sandoval,31,M,2025-11-21,2025-08-16,Rachel Moore,Neurology,198.95,N
1424,Brandy Estes Md,64,M,2025-10-26,2024-05-15,Andrea Lam,Neurology,238.59,Y
1425,Tammy Thomas,74,F,2025-04-02,2025-01-19,Kurt Cain,Orthopedics,109.02,N
1426,Henry Henderson,58,M,2025-10-06,2024-08-02,James Love,Orthopedics,,N
1427,Robert Mclaughlin,21,F,2025-06-22,2024-09-06,Shannon Mejia,Orthopedics,205.31,N
1428,Justin Caldwell,57,,2025-09-05,2024-12-18,Ronnie Miller,Orthopedics,383.69,N
1429,Sandra Rojas,83,,2025-06-16,2025-07-03,Stephanie Bryant,Cardiology,,N
1430,Pamela Bradshaw,43,M,2025-04-02,2024-07-08,Donald Mitchell,General,352.94,N
1431,Kyle Barnes Jr.,21,,2025-04-18,2024-09-24,Donna Peters,General,156.1,Y
1432,Nicole Warren,63,F,2025-09-19,2025-02-07,Kimberly Beck,General,415.35,N
1433,Sandra Wilson,79,,2025-12-23,2025-02-19,Cheryl Adams,General,322.0,Y
1434,Kenneth Dixon,68,M,2025-08-19,2025-01-31,Sandra Sloan,Orthopedics,402.4,Y
1435,Daniel White,67,M,2025-12-04,2024-07-13,Chad Johnson,Neurology,277.51,N
1436,Monique Daniels,25,F,2026-03-08,2025-11-11,Alexander Brown,General,316.64,Y
1437,Brad West,34,F,2025-05-14,2024-05-19,Samuel Stone,Cardiology,455.05,N
1438,Natalie Marquez,29,F,2025-07-18,2025-03-24,Jennifer Paul,Neurology,401.58,N
1439,Michael Evans,65,,2025-03-28,2025-01-04,Manuel Vargas,Orthopedics,304.67,N
1440,Sheri Kline,55,F,2026-01-02,2024-11-04,Jennifer Russell,General,377.14,Y
1441,Cheryl Ruiz,66,,2025-05-23,2024-04-29,Maria Thomas,Orthopedics,100.78,Y
1442,Anna Garrett,24,F,2025-05-30,2025-03-20,Alice Lucas,Neurology,394.9,Y
1443,Jared Butler,38,M,2025-08-19,2025-09-06,Jason Morales,General,243.78,Y
1444,Beth Stephens,24,F,2025-12-02,2025-04-13,Scott Nguyen,General,246.63,N
1445,Andrea Hubbard,36,F,2026-03-12,2025-08-11,Andrea Gates,Cardiology,67.51,N
1446,Jonathan Drake,76,M,2026-01-06,2025-03-16,Andrew Johnson,Cardiology,328.88,Y
1447,Melissa Brown,28,,2025-04-20,2024-08-01,Bill Brown,Orthopedics,69.76,Y
1448,Maria Harris,24,F,2025-07-19,2024-08-29,Henry Hall,Orthopedics,372.5,N
1449,Christina Moore,64,,2025-05-31,2024-08-21,Joshua Martin,Orthopedics,476.97,N
1450,Stephanie Cisneros,50,F,2025-12-03,2024-08-02,Rachel Richards,Orthopedics,98.14,Y
1451,Barbara Dalton,29,,2025-04-07,2024-06-02,Rachel Holloway,Cardiology,306.94,Y
1452,David Mann,68,M,2026-03-16,2024-05-06,Donald Ferguson,Orthopedics,217.77,Y
1453,Haley Mcintosh,74,,2025-10-19,2024-08-07,Amanda Boyd,Orthopedics,484.82,Y
1454,Pamela Brown,40,M,2026-02-25,2025-01-06,Melinda Duncan,Orthopedics,247.13,Y
1455,Patricia Jackson,76,,2026-02-28,2024-11-19,Jennifer Martin,Cardiology,378.92,N
1456,John Campbell,67,,2026-02-10,2024-06-21,Tanya Baxter,Orthopedics,,N
1457,Victoria Perry,39,,2026-03-26,2025-08-24,Heather Garcia,Neurology,447.23,N
1458,Jerry Jones,66,M,2025-08-21,2024-05-06,Ashley Gomez,General,261.87,N
1459,Kara Stewart,63,F,2025-04-21,2025-06-03,Becky Sanchez,Neurology,290.36,N
1460,Joseph Church,87,M,2025-08-05,2025-02-03,Ricky Velazquez,Orthopedics,68.81,Y
1461,Dennis Jacobs,33,,2026-02-18,2024-02-06,Katherine Long,General,307.29,Y
1462,Amy Baird,51,,2025-11-01,2025-09-28,Diana Jones,Neurology,262.16,Y
1463,Alicia Scott,39,M,2025-11-22,2024-11-14,William Cochran,Neurology,243.15,N
1464,Jeffrey Johnston,36,,2026-01-21,2025-01-06,Cynthia Baker,Orthopedics,240.37,N
1465,Ashley Estes,54,,2025-06-02,2024-07-31,Stephanie Mercer,Cardiology,405.15,Y
1466,Danielle Ortega,76,M,2025-08-18,2025-06-14,Tiffany Lowery,Orthopedics,83.67,N
1467,Ray Mcbride,87,F,2025-06-10,2024-12-02,Natalie Turner,General,135.41,N
1468,Olivia Lambert,38,M,2025-12-15,2024-12-25,Melanie Blanchard,Cardiology,100.34,Y
1469,Brittany Thompson,31,F,2025-04-05,2024-08-05,Wendy Davis,Cardiology,257.1,N
1470,Shawn Cordova,67,M,2025-11-27,2024-07-30,Wendy Mcguire,Neurology,285.22,N
1471,Jennifer Sims,63,F,2025-10-15,2025-02-02,Janet Coffey,Cardiology,315.71,Y
1472,Victoria Young,47,F,2025-08-06,2025-07-21,Lauren Whitaker,Neurology,174.04,Y
1473,Malik Robinson,77,F,2025-10-21,2024-07-18,Amber Little,General,280.77,N
1474,Karen Myers,89,,2025-07-20,2024-06-12,David Wright,Neurology,371.69,N
1475,Ashley Black,84,F,2025-05-29,2025-01-29,Dennis Murphy,Neurology,,N
1476,Walter Webb,33,,2025-09-26,2024-09-03,Dale Herrera,Neurology,,Y
1477,Elizabeth Russo,67,M,2025-07-03,2024-07-30,Connie Martinez,Neurology,,Y
1478,Megan Russell,84,M,2025-12-26,2025-08-07,Autumn Hill,Cardiology,359.17,Y
1479,Robert Montoya,79,,2025-12-06,2024-09-09,Gregg Bennett,Neurology,,N
1480,Ellen Fitzpatrick,59,M,2025-11-14,2025-04-23,Grant Parker,Neurology,201.19,N
1481,Scott Graves,65,M,2026-01-10,2026-01-06,Marie Clark,General,489.0,Y
1482,Kimberly Hill,37,,2025-10-05,2024-08-26,Kenneth Long,Neurology,194.81,N
1483,Kelly Mason,65,F,2026-02-17,2024-05-31,Laura Edwards,Cardiology,205.16,Y
1484,Jessica Murray,20,,2025-12-29,2025-06-23,James Harris,General,184.38,N
1485,Vanessa Graves,58,F,2025-07-08,2025-02-01,Leslie Smith,Cardiology,474.33,Y
1486,Brian Davis,41,F,2026-02-07,2025-05-27,Brian Mitchell,Orthopedics,63.62,Y
1487,Jeremy Coleman,83,M,2025-09-11,2024-09-03,David Riley,Neurology,63.99,N
1488,Donald Reed,60,F,2025-06-05,2024-10-11,Danny Webster,General,453.66,Y
1489,Cassandra Collins,60,,2025-10-03,2025-08-26,Mark Lutz,General,243.78,Y
1490,Trevor Taylor,61,F,2025-06-19,2024-09-01,William Schneider,Neurology,235.74,N
1491,Mallory Martin,23,,2025-10-27,2025-06-22,David Whitney,Cardiology,437.95,Y
1492,Logan Gonzalez,81,,2026-02-17,2025-04-03,John Anderson,Neurology,209.27,Y
1493,Christopher Beard,65,M,2026-04-03,2024-06-01,Jerry Torres,General,126.44,Y
1494,William Lewis,32,M,2025-04-04,2024-05-16,Wesley Johnson,Orthopedics,361.31,Y
1495,Amanda Johnston,46,F,2025-04-16,2024-10-24,Angela Burton,Cardiology,,N
1496,Tracey Beck,81,M,2025-05-27,2024-09-20,Logan Cooper,Cardiology,184.28,Y
1497,Sandra Terry,21,,2025-07-15,2024-07-23,Debra Buchanan,Neurology,386.04,N
1498,Kristine Logan,53,,2025-06-29,2024-09-13,Regina Cox,Neurology,416.39,N
1499,Jason Tate,71,F,2026-01-27,2025-03-07,Kimberly Young,Cardiology,484.79,Y
1500,Victoria Gilbert,64,F,2025-04-08,2024-07-23,April Spears,Cardiology,390.1,N
1501,Sandra Wood,81,M,2026-02-03,2025-09-29,Brian Armstrong,Neurology,51.93,N
1502,Louis Thomas,52,,2025-09-07,2024-04-23,Michelle Carter,Cardiology,450.24,Y
1503,Matthew Moore,63,,2026-03-02,2025-03-04,Erica Riley,General,116.32,Y
1504,Leslie Silva,26,M,2025-06-07,2024-12-09,Thomas Brandt,Orthopedics,340.25,Y
1505,Kyle Jones,52,M,2025-10-31,2024-09-01,Sara Morse,Neurology,,N
1506,Oscar Luna,72,F,2026-03-05,2025-03-26,John Stewart,General,126.56,Y
1507,Judy Blair,84,,2025-09-08,2025-05-16,Kevin Benton,Orthopedics,175.63,N
1508,Melvin Bowers,88,,2025-12-15,2025-11-14,Robin Diaz,Orthopedics,164.2,Y
1509,Mariah Davis,22,F,2025-10-24,2025-01-06,Douglas Ford,Orthopedics,381.62,N
1510,Troy Torres,80,,2025-05-04,2024-09-20,Matthew Carney,Cardiology,124.09,N
1511,Christopher Johnson,26,,2025-10-31,2025-03-22,Susan Stanton,Neurology,461.18,Y
1512,Nicholas Mcdaniel,48,F,2025-08-09,2025-04-26,Daniel Smith,Orthopedics,79.73,N
1513,Keith Becker,60,F,2025-07-11,2024-08-28,Kristopher Collier,General,,Y
1514,Kara White,59,,2026-03-14,2025-01-26,Kyle Dawson,Orthopedics,315.64,N
1515,Robert Wade,87,M,2026-02-07,2024-07-11,Phillip Shelton,Orthopedics,249.74,Y
1516,Christopher Lopez,39,,2026-01-15,2025-11-11,Caleb Kennedy,General,295.71,N
1517,Peter Pierce,70,M,2025-12-21,2025-08-07,Deborah Snyder,Neurology,389.49,N
1518,Jaclyn Knight,66,,2025-08-24,2024-05-19,John Oliver,Orthopedics,282.03,N
1519,Kenneth Fox,86,,2025-10-13,2024-08-12,Kimberly Sullivan,General,85.53,Y
1520,John Gallagher,57,,2025-06-28,2024-11-02,Kara Austin,Cardiology,198.61,Y
1132,Jennifer Schwartz,30,F,2025-12-31,2025-11-14,Tamara Smith,Cardiology,280.21,Y
1521,Nicole West,30,F,2026-03-24,2024-03-26,Marissa Jacobs,General,218.44,N
1522,Cheryl Michael,49,M,2025-08-06,2025-03-23,Thomas Bennett,Neurology,393.4,Y
1523,John Yang,37,,2025-09-15,2024-05-09,Anthony Jensen,Orthopedics,442.77,N
1524,Marissa Davidson,81,F,2025-04-13,2024-12-03,Philip Davis,Cardiology,499.67,Y
1525,Jack Sutton,76,F,2025-11-28,2025-04-20,Paul Giles,General,374.72,Y
1526,Kelsey Kelly,76,M,2025-06-19,2025-04-30,Denise Hall,Cardiology,334.38,N
1527,John Johnson,81,,2025-04-23,2024-12-30,Steve Bush,General,162.94,N
1528,Samuel Thomas,82,M,2025-06-16,2024-04-01,Donna Johnson,General,332.15,Y
1529,Thomas Smith,82,,2025-11-23,2024-12-07,Kenneth Turner,Cardiology,392.87,Y
1530,Jason Harrington,62,M,2026-01-16,2025-07-14,Stacey Miller,Orthopedics,,N
1531,Rachel Porter,29,M,2025-05-17,2024-10-06,Patrick Russell,Neurology,341.42,N
1532,Deborah Wagner,74,,2026-02-15,2025-05-30,Cesar Sanchez,Neurology,277.6,N
1533,Robert Mason,78,M,2025-12-25,2024-12-13,Steven Mercer,Neurology,370.37,N
1534,Lori Henderson,50,F,2025-06-05,2024-12-19,Terri Stewart,General,496.31,N
1535,Jennifer Stevens,70,,2025-03-11,2025-06-16,Joseph Park,Cardiology,231.18,Y
1536,Jennifer Martin,30,M,2026-02-22,2025-04-07,Jeffery Smith,General,239.39,N
1537,Lindsey Sullivan Md,66,M,2025-04-08,2025-01-02,David Barnett,Orthopedics,290.47,Y
1538,Danny Gray,68,M,2025-04-14,2025-02-13,Patricia Carpenter,General,199.55,N
1539,Rebecca Carey Dds,57,M,2025-09-10,2025-03-17,David Carter,Neurology,169.09,N
1540,Christopher Powell,69,M,2025-03-31,2024-05-11,Gary Wood,Orthopedics,479.37,Y
1541,Stephanie Carr,70,F,2025-08-26,2024-12-19,David Colon,Orthopedics,212.66,N
1542,Charles Green,80,F,2025-04-28,2024-03-30,Lisa Hoffman,Neurology,349.49,N
1543,Kathleen Oneal,71,M,2025-05-17,2024-07-28,Jacob Andrade,Orthopedics,74.36,Y
1544,Donna West,35,M,2025-05-24,2024-07-18,Troy Hill,Orthopedics,452.11,Y
1545,Andrea Murray,46,,2026-03-12,2025-08-11,Alexa Martin,Neurology,435.55,N
1546,Heather Baker,67,F,2025-09-13,2025-01-07,Andrew Thomas,Orthopedics,215.31,Y
1547,Craig Parsons,71,,2026-01-09,2025-12-15,Jose Price,General,323.0,N
1548,Justin White,82,M,2026-01-04,2025-04-16,Jose Jackson,Neurology,203.05,N
1549,Terry Miller,24,F,2025-04-22,2025-03-24,John Lyons,General,,Y
1550,Richard Jones,71,F,2025-11-23,2025-08-16,Stephen Cooper,General,243.46,N
1551,Courtney Gonzales,84,F,2025-05-26,2024-10-31,Kayla Norris,Cardiology,385.01,N
1552,Virginia Flores,70,F,2025-12-26,2025-08-13,Leonard Macias,General,364.83,Y
1553,Brian Patel,33,,2025-10-16,2024-09-13,Tracy Harris,Orthopedics,124.69,N
1554,Jean Kramer,30,,2025-05-29,2024-05-31,Donald Clark,Orthopedics,441.92,Y
1555,Savannah Butler,26,,2025-11-26,2025-04-17,James Nguyen,Neurology,340.47,N
1556,Joshua Sanford,57,F,2025-06-20,2025-02-13,Tara Montoya,Neurology,186.61,Y
1557,Erik Martinez,24,M,2025-10-28,2025-01-15,Jennifer Carroll,Cardiology,97.67,Y
1558,Katelyn Byrd,32,M,2025-03-30,2024-03-05,Barbara Chavez,General,209.81,Y
1559,Michael Bradley,86,,2025-06-11,2024-09-28,Carl Gomez,Orthopedics,254.91,N
1560,Chris Rice,61,,2025-07-31,2024-05-05,Amy Olson,Neurology,277.14,N
1561,Erika Davis,28,,2025-06-08,2025-06-06,Allison Parker,Neurology,440.72,N
1562,Joe Sharp,78,,2025-09-26,2025-08-31,Kimberly Fields,General,,Y
1563,Andre Pitts,60,F,2026-01-26,2024-09-30,Donna Sandoval,General,481.4,Y
1564,Sheila Thomas,58,,2025-09-08,2025-02-24,Catherine Gamble,Cardiology,64.79,N
1565,Mark Bowers,19,,2025-11-05,2025-04-02,Antonio Bryant,Neurology,116.69,Y
1566,Brianna Mcpherson,90,M,2025-05-13,2024-06-17,Nathaniel Thompson,General,109.61,Y
1567,Steven Gonzalez,37,,2026-02-04,2025-11-10,Jonathan Daniels,Orthopedics,259.19,Y
1568,Kimberly Lee,88,,2025-10-19,2024-11-16,Vanessa Ramirez,Neurology,438.81,N
1569,Timothy Osborne,83,F,2025-12-18,2025-04-21,Christopher Ferguson,Neurology,215.46,Y
1570,Penny West,84,F,2025-10-24,2025-03-27,Heather Ortiz,Neurology,396.57,Y
1571,Danielle Barrett,36,F,2025-12-20,2024-03-27,Gregory Griffin,General,386.16,Y
1572,Mandy Smith,64,M,2025-04-14,2025-04-02,Brian Olson,Neurology,246.05,Y
1573,Cassandra Peterson,34,M,2025-04-23,2024-12-08,Mary Sanchez,Orthopedics,,Y
1574,April Rios,30,F,2026-02-26,2026-02-07,Megan Mccann,General,471.3,N
1575,Alison Wolfe,29,M,2025-05-30,2024-03-26,Michelle Thomas,General,481.22,Y
1576,Traci Chandler,18,F,2026-02-04,2024-10-12,Tyler Carter,General,428.75,N
1577,Alejandro Romero,27,M,2025-07-25,2024-08-28,Karen Hancock,Orthopedics,206.69,N
1578,Destiny Martin,24,F,2026-02-16,2025-08-26,Lynn Jones,General,420.58,N
1579,Shane Fowler,57,,2025-10-30,2024-08-27,Kimberly Douglas,Neurology,114.67,Y
1580,Jennifer Lowery,21,,2025-09-16,2025-03-23,Tracy Johnson,Cardiology,222.2,N
1581,Rebecca Parrish,59,F,2026-03-15,2025-01-06,Jordan Shelton,Orthopedics,163.52,N
1582,James Perry,57,M,2025-08-27,2024-04-05,Leonard Campbell,Cardiology,385.61,Y
1583,Melissa Ramirez,34,M,2025-09-10,2024-10-30,Amber Clayton,Neurology,167.18,Y
1584,Emma Martin,79,M,2025-08-24,2025-08-21,Charles Mcmillan,Orthopedics,66.64,Y
1585,Michael White,32,M,2026-03-11,2025-07-23,Seth Ramirez,General,300.71,Y
1586,Jill Mcconnell,81,F,2025-03-28,2025-02-16,Jessica Miller,Cardiology,475.35,N
1587,Amanda Martinez,27,,2025-08-23,2024-11-12,Gary Bowman,General,165.8,Y
1588,Carol Williams,75,F,2025-04-15,2024-06-01,Joshua Gomez,Cardiology,129.1,Y
1589,Andrew Oconnor,66,F,2025-11-11,2024-12-01,Christina Hill,Cardiology,153.07,Y
1590,Heidi Alvarez,88,M,2025-07-30,2025-06-30,Jeremy Wilson,General,94.19,Y
1591,Hunter Miller,65,F,2025-07-24,2025-05-31,Kathy Lawson,Neurology,384.42,N
1592,Kayla Mccormick,84,F,2026-03-16,2024-12-04,Robert Burton,Neurology,244.68,Y
1593,Emma Ferrell,23,M,2025-09-10,2024-04-23,David Bradford,General,337.48,Y
1594,Valerie Vaughn,35,,2025-11-11,2024-07-18,Felicia Warner,Orthopedics,,N
1595,Amanda Jones,61,,2025-11-19,2024-04-28,Christopher Morris,General,499.75,Y
1596,Stephanie Bryant,32,,2026-01-02,2025-02-18,Sara Booth,Orthopedics,452.69,Y
1597,Ian Bush,39,M,2026-01-09,2025-06-20,Steven Welch,Cardiology,418.29,N
1598,Haley Taylor,51,F,2025-07-06,2025-04-18,Christopher Wolfe,General,433.55,Y
1599,James Lopez,85,F,2025-09-19,2025-09-16,Carla Cole,Cardiology,161.54,Y
1600,Edward Russell,26,M,2025-10-17,2024-12-12,Connor Brown,Orthopedics,93.45,N
1601,Breanna Lewis,59,F,2025-12-10,2025-06-15,Jerry Tucker,Orthopedics,155.98,Y
1602,Jose Bauer,37,,2025-10-17,2025-04-07,Reginald Barrett,Orthopedics,390.81,N
1603,Joanna Tucker,18,M,2026-03-22,2024-10-05,Andrew Gray,Neurology,84.69,N
1604,Darlene Clark,65,M,2025-11-09,2024-11-16,Thomas Williams,Neurology,378.58,N
1605,Madison Wilson,23,M,2026-08-01,2024-11-29,Ryan Steele,Cardiology,230.73,N
1606,Jessica Smith,66,F,2025-08-20,2025-03-08,Crystal Mack,Neurology,,Y
1607,Matthew Herrera,74,F,2025-09-01,2025-05-26,Cody Murray,General,473.48,Y
1608,Lydia Russell,67,M,2025-11-16,2024-12-31,Matthew Clark,General,477.53,Y
1609,Roger Holmes,85,F,2026-02-04,2024-12-22,Paula Stone,Cardiology,206.57,Y
1610,John Anderson,60,M,2026-01-27,2026-01-18,Paul Blackburn,Cardiology,253.42,N
1611,Brian Griffith,20,M,2025-06-15,2025-11-04,Robert Stanley,Cardiology,288.24,Y
1612,Laura Lopez,25,M,2025-10-06,2024-06-13,Julie Phillips,Cardiology,464.57,N
1613,Jade Blanchard Md,23,F,2026-01-29,2024-07-01,Amber Waters,Orthopedics,151.03,N
1614,Peter Schaefer,84,F,2025-08-27,2024-06-02,Carlos Spence,Cardiology,190.01,N
1615,Lawrence Rios,62,F,2026-01-10,2024-12-11,Christopher Lee,Neurology,387.4,N
1616,Jordan Camacho Jr.,21,M,2025-11-12,2025-06-30,Alexis Carter,Neurology,186.24,Y
1617,Daniel Green,32,M,2025-07-05,2025-01-04,James Fox,Orthopedics,254.14,Y
1618,Erin Baker,36,M,2025-10-02,2025-09-12,Carla King,General,239.5,Y
1619,Jason Kennedy,46,M,2025-10-18,2024-10-03,Robert Fowler,Orthopedics,330.76,N
1620,Sherri Barry,48,M,2025-08-29,2024-04-15,Janet Schultz,Neurology,109.72,N
1621,Edward Sanders,29,,2025-09-16,2025-04-29,Steven Bailey,Orthopedics,479.77,N
1622,Edward Black,88,F,2025-04-12,2025-10-11,Nathan Summers,Orthopedics,268.75,N
1623,Stacy Clements,75,F,2025-03-06,2024-11-09,Cynthia Dunn,Cardiology,96.19,Y
1624,Mary Manning,48,F,2026-01-23,2025-10-13,William Harris,Orthopedics,248.84,N
1625,Kyle Gibbs,58,F,2026-02-25,2024-10-29,Christopher Guzman,Neurology,248.76,N
1626,Anthony Boyd,27,F,2026-02-20,2025-07-06,Bradley Gibson,General,173.85,Y
1627,Donna Green,78,F,2026-01-14,2025-05-07,Clifford Ramirez,Orthopedics,263.23,N
1628,Jeremiah Cole,88,F,2026-01-30,2024-12-08,Louis Turner,General,203.61,N
1629,Christy Nunez,54,,2025-07-11,2024-06-25,Theresa Parker,Cardiology,338.24,Y
1630,Matthew Buckley,57,M,2025-07-09,2024-04-10,Ryan Collins,General,476.81,N
1631,Anthony Nash,32,M,2025-05-13,2024-08-21,Brianna Shea,Cardiology,392.0,Y
1632,Leslie Newman,80,F,2025-11-05,2024-10-22,Lindsey Mendoza,Cardiology,125.35,N
1633,Nancy Barry,71,F,2026-07-03,2025-03-30,Katherine Espinoza,Cardiology,493.59,Y
1634,Paul Perez,28,M,2025-08-24,2025-07-29,Nancy Young,Neurology,231.7,Y
1635,Kevin Johnson,18,,2025-10-25,2024-03-09,Lance Smith,Neurology,283.3,N
1636,Darren Alvarado,38,M,2025-05-29,2025-05-13,Spencer Booth,Cardiology,106.8,N
1637,Mark Daniels,75,M,2025-12-14,2024-05-30,Kimberly Pierce,Orthopedics,255.56,Y
1638,Anne Jacobs,31,,2026-03-04,2026-01-28,Lauren Clark,Orthopedics,347.38,Y
1639,Samantha Wallace,76,M,2025-06-28,2024-12-22,Charles Jackson,Orthopedics,145.83,Y
1640,Kimberly Conner,86,F,2026-02-18,2024-10-12,Steven Holland,Cardiology,476.99,Y
1641,Michael Davis,36,,2026-01-11,2025-09-30,Karen Griffin,Cardiology,130.9,N
1642,Jonathan Wood,74,F,2025-05-23,2024-12-26,Jon Duarte,Orthopedics,486.07,Y
1643,Victor Anderson Md,28,M,2025-09-10,2025-04-21,Dr. William Terry,Cardiology,357.83,Y
1644,Sandra Hill,65,M,2025-10-08,2025-01-06,Julie May,Orthopedics,113.2,Y
1435,Daniel White,37,F,2025-05-25,2024-10-12,Justin Hall,General,470.63,Y
1645,Melissa Vaughn,46,,2026-03-26,2025-06-21,Vickie Johnson,Cardiology,300.52,N
1646,Linda Ryan,76,M,2025-10-31,2024-06-27,Sandra Johns,General,123.13,Y
1647,Andrea Mendez,33,M,2025-07-02,2024-08-14,Joshua Reed,General,233.98,N
1648,Alexander Jones,85,F,2025-12-09,2025-01-30,Mary Ward,General,498.26,Y
1649,Brandon Baker,54,M,2025-08-12,2025-07-25,Alison Walters,General,106.33,Y
1650,Justin Ortiz,60,M,2025-11-08,2025-03-30,Russell Myers,Cardiology,234.26,N
1651,Amanda Schroeder,79,M,2025-11-30,2024-08-05,Deanna Edwards,Neurology,203.34,Y
1652,Karla Bush,66,,2025-05-23,2024-08-14,Victor Hernandez,Cardiology,135.85,Y
1653,Dr. John Hernandez,33,,2025-12-29,2024-05-29,Michelle Austin,General,409.96,N
1654,Jessica Wilson,72,,2026-03-20,2024-07-13,Sharon Nash,Orthopedics,437.18,N
1655,Ariel Davis,85,M,2025-10-25,2025-02-21,Jason Gallagher,Orthopedics,85.63,Y
1656,Vanessa Wright,28,M,2026-01-07,2025-08-23,Virginia Sharp,Cardiology,344.67,Y
1529,Thomas Smith,54,F,2025-09-11,2025-09-05,Brandon Garcia,Cardiology,108.91,N
1657,Benjamin Ramirez,57,F,2025-12-22,2025-06-01,Wesley Johnson,Neurology,142.33,N
1658,Vanessa Jones,63,F,2025-11-09,2025-09-10,Courtney Knight,Orthopedics,169.25,Y
1659,Aaron Holder,19,M,2026-01-26,2024-11-28,Lauren Ayers,General,377.38,Y
1660,Sarah Thompson,25,F,2026-02-11,2025-06-20,Ruth Shaw,Neurology,129.25,N
1661,Judy Nguyen,29,M,2025-05-27,2024-10-23,Michelle Ortega,General,429.14,Y
1662,William Bentley,42,M,2025-10-21,2025-03-31,Jacob Mckay,Neurology,263.3,Y
1663,Yolanda Thomas,61,F,2025-12-15,2024-07-10,Keith Lee,Neurology,,Y
1664,Wendy Parks,40,M,2026-02-14,2025-09-09,Melissa Williams,Neurology,,Y
1665,Robert Torres,61,M,2025-10-20,2025-08-07,Kyle Phillips,Neurology,129.48,N
1666,Duane Mitchell,52,F,2026-01-12,2024-08-09,Helen Jackson,Neurology,159.11,N
1667,Kayla Williams,63,M,2025-02-10,2024-06-06,Aaron Cooper,General,217.86,N
1668,Dominic Bell,37,M,2025-11-18,2024-11-18,April Castillo,Cardiology,356.13,Y
1669,Matthew Valdez,60,,2026-02-19,2024-11-13,Rachel Terry,Neurology,91.77,Y
1670,Regina Smith,87,,2025-08-30,2024-12-15,Donna Orr,General,246.13,N
1671,Michael Marquez,59,,2025-07-28,2024-07-19,Mr. Curtis Ortiz,Cardiology,202.98,N
1672,Jacqueline Peters,40,,2025-12-09,2025-10-11,Adam Jensen,General,266.74,Y
1673,Ashley Foster,32,,2026-02-23,2025-01-14,Melinda Cannon,General,208.72,Y
1674,Monica Jones,18,,2025-10-17,2024-05-07,Cheryl Bailey,Cardiology,363.94,N
1675,Michael Levine,72,,2025-08-11,2024-04-01,Janet Ray,Neurology,213.35,Y
1676,Cheryl Smith,48,F,2025-10-01,2024-11-03,Sarah Harper Dds,Cardiology,97.46,N
1677,Jennifer Aguirre,90,M,2025-10-14,2024-05-28,Richard Huang,Neurology,72.73,N
1678,Steven Miller,20,,2025-05-01,2025-04-28,Bob Shaw,Orthopedics,204.82,N
1679,Megan Avery,73,F,2026-08-01,2024-08-13,Michael Arroyo Jr.,General,96.48,Y
1680,Catherine Stein,23,,2025-10-14,2025-08-02,Donald Jacobson,Neurology,368.24,Y
1681,Thomas Landry,60,,2025-09-03,2025-01-08,Brandon Moore,General,,N
1682,Christian Thomas,38,,2025-07-06,2025-04-23,Gregory Tapia,Neurology,390.16,Y
1683,Andres Mills,54,M,2025-06-23,2024-08-24,Paul Weaver,Neurology,386.53,N
1684,Kenneth Jenkins,49,,2025-05-20,2024-09-12,Tanya Eaton,General,428.7,Y
1685,Barbara Holland,24,M,2026-01-30,2024-12-16,Chelsea Aguirre,General,439.56,N
1686,Clayton Williamson,85,,2025-10-09,2024-08-20,Glen Diaz,Neurology,185.52,N
1687,Toni Morris Dds,30,F,2025-12-01,2024-07-16,Robin Medina,Orthopedics,250.69,N
1688,Jake Robinson,62,F,2025-09-09,2024-11-25,Nathan Quinn,Cardiology,178.28,Y
1689,Steven Giles,58,F,2025-12-01,2024-12-29,Kevin Vaughan,General,358.98,N
1690,Stacy Gardner,53,,2026-01-18,2025-03-11,Michael Campbell,Neurology,74.78,Y
1691,Charles Foley,56,M,2025-09-19,2024-09-28,Richard Arias,Cardiology,450.37,Y
1221,Katelyn Miller,78,M,2025-12-19,2024-11-25,Justin Chen,Cardiology,274.94,N
1692,Jared Green,28,F,2025-10-08,2025-05-10,Brenda Castro,Neurology,235.69,N
1693,Donna Jenkins,68,F,2025-05-30,2024-05-14,Rachel Allen,General,390.97,Y
1694,Patrick Roach,88,F,2025-10-31,2025-06-23,Karen Duke,Cardiology,411.75,Y
1695,Dana Mcclure,41,F,2026-02-03,2025-09-27,Mark Norton,General,150.5,N
1696,Jose Bryant,49,M,2025-05-24,2024-12-10,Ryan Lopez,Orthopedics,350.41,N
1697,Brianna Morris,73,,2025-11-03,2024-04-26,Gregory West Dds,Orthopedics,422.79,Y
1698,Diana Schroeder,73,,2025-08-24,2025-07-04,Alexandra Lee,Neurology,262.84,N
1699,Jennifer Jackson,80,,2025-07-29,2024-04-14,Frank Harrell,Neurology,105.64,N
1700,Brian Riley,74,M,2025-08-23,2024-09-24,Charles Kemp,Cardiology,153.44,N
1701,David Jones,25,F,2026-02-24,2025-11-21,Dakota Fleming,General,443.12,N
1702,Jerry Holmes,88,M,2025-05-12,2024-08-02,Kim Daniels,Neurology,344.57,Y
1703,Michele Park,46,,2026-01-10,2024-11-01,Robert Sparks,General,396.22,N
1704,Lisa Cameron,37,M,2025-08-14,2025-08-11,Karen Hunt,Cardiology,238.81,N
1705,Kimberly Miller,59,F,2025-04-25,2024-04-30,Anna Jennings,Cardiology,261.01,Y
1706,Kristin Combs,38,F,2025-10-28,2024-12-12,Frank Anderson,General,279.32,N
1707,Ronald Gonzalez,30,F,2026-01-25,2025-10-01,Crystal Mueller,General,222.37,Y
1708,Alex Burns,68,,2026-01-10,2025-09-11,Raymond Bond,Cardiology,290.52,N
1709,Stephanie Caldwell Md,86,F,2025-07-04,2025-01-19,Darrell Mendez,Orthopedics,74.84,Y
1710,Louis Craig,49,,2025-04-13,2024-10-05,Rachel Wood,Orthopedics,484.93,N
1222,Christopher Brown,49,F,2025-03-26,2025-02-01,Henry Moore,Cardiology,92.08,N
1711,Anthony Mcpherson,47,F,2025-05-18,2024-09-09,Karen Parsons,General,85.76,N
1712,Joseph Irwin,29,M,2025-07-27,2025-06-08,Jacob Kerr,General,206.74,Y
1713,Molly Hayden,75,,2026-01-06,2025-02-22,Brian Chambers,General,306.62,N
1714,Ashley Cunningham,32,F,2026-01-22,2024-11-29,Sarah Montgomery,Cardiology,160.05,Y
1715,Curtis Cooke,84,M,2025-09-29,2024-06-24,John Hancock,Neurology,477.08,N
1716,Abigail Holt,50,,2025-11-09,2025-03-14,Jacob Mays,Neurology,343.79,Y
1717,Steven Wallace,52,M,2025-09-25,2025-01-11,Katherine Martin,Cardiology,496.62,N
1718,Shawn Moon,52,M,2026-03-17,2025-10-20,Sheila Williams,Neurology,155.69,Y
1719,Phillip Simpson,88,,2025-06-27,2025-06-05,Darren Brooks,General,51.72,Y
1720,Carrie Davis,50,,2026-01-19,2024-04-01,Michael Jones,Neurology,390.86,N
1721,Russell Taylor,38,,2025-11-29,2025-07-11,Breanna Gray,Orthopedics,335.07,N
1722,Leslie Medina,18,F,2025-08-17,2025-06-25,Matthew Morse,Orthopedics,490.93,Y
1723,Jeremiah Cruz,64,M,2026-03-14,2026-02-10,Matthew Pratt,Neurology,177.85,Y
1724,Andrea Anderson,75,,2025-08-15,2024-06-16,Mary Burgess,Neurology,59.55,Y
1725,Gary Taylor,87,,2025-05-19,2024-06-12,Lauren Medina,General,321.5,Y
1726,Debra Short,64,M,2025-06-24,2024-10-06,Karla Baker,General,386.37,N
1727,David Kidd,23,M,2025-11-23,2025-10-09,Kathy Thompson,Orthopedics,321.34,N
1728,Rebecca Banks,23,M,2025-05-26,2025-01-17,April Randall Dds,Neurology,57.03,Y
1729,Michelle Edwards,30,F,2025-12-03,2025-07-27,Charles Harvey,Orthopedics,242.2,Y
1730,Aaron Clay,87,M,2025-10-31,2025-05-22,Timothy Barker,Cardiology,312.88,Y
1731,Eugene Underwood,80,M,2025-11-11,2025-05-20,Benjamin Williams,Neurology,467.55,N
1732,Steven Wilson,48,,2025-04-08,2025-03-02,Hannah Herrera,Cardiology,77.48,N
1733,Raymond Williams,57,M,2025-04-23,2025-03-28,James Brooks,Neurology,374.63,N
1734,Kelsey Collins,19,F,2025-04-24,2024-10-08,Gabrielle Collins,Neurology,455.75,N
1735,James Wise,67,F,2025-09-05,2024-05-19,Karen Schmidt,Neurology,98.07,Y
1736,Denise Anderson,51,M,2025-12-28,2025-04-17,Timothy Beasley,General,377.85,N
1737,Victor Everett,90,F,2025-11-05,2024-06-06,Jacob Diaz,General,350.12,N
1738,Megan Strickland,69,F,2025-05-23,2024-06-12,Brandon Lewis,Orthopedics,344.26,Y
1739,Luke Price,23,,2025-12-13,2025-06-18,Virginia Lang,Orthopedics,260.4,Y
1740,Christine Barron,59,M,2026-03-20,2025-12-24,Thomas Clark Md,Cardiology,107.04,Y
1741,Jacqueline Collins,67,F,2025-06-12,2025-05-18,Paul Parker,Neurology,161.5,N
1742,Cheryl Rogers,43,M,2026-12-01,2025-10-30,Victoria Hansen,General,376.76,Y
1743,John Rich,48,,2025-06-20,2024-05-09,Jennifer Johnston,General,,Y
1744,Kathy Rhodes,72,,2025-06-16,2024-08-23,Rachel Bright,Neurology,175.26,Y
1745,Sarah Rivas,85,,2026-03-09,2025-03-18,Scott Vega,Neurology,454.23,N
1746,Christine Lane,27,F,2025-04-07,2024-04-02,Kimberly Long,Orthopedics,208.8,N
1747,Megan Williams,51,M,2025-11-12,2025-10-19,Melissa Khan,Neurology,456.12,N
1748,Amy Cruz,43,,2025-12-14,2025-02-28,Tony Burke,Neurology,458.79,Y
1749,Brian Clarke,73,,2025-04-05,2024-12-20,Amanda Hoffman,Neurology,348.18,N
1750,Sarah Hernandez,25,F,2025-03-09,2024-10-27,Jeremy Mclaughlin,Orthopedics,253.36,Y
1751,Ashley Peterson,39,F,2025-05-30,2025-05-06,Kyle Mcintyre,General,358.45,Y
1752,Sarah Wilson,79,M,2026-02-21,2024-08-08,Courtney Foley,Orthopedics,120.7,Y
1753,Judy Avila,21,F,2025-10-19,2025-08-02,Morgan Ramos,Orthopedics,330.43,Y
1754,Melanie Hernandez,19,,2026-02-22,2025-06-12,Adam Anderson,Orthopedics,445.97,Y
1755,John Nguyen,23,M,2025-10-05,2025-03-20,David Robertson,General,,N
1756,Mark Harrison,24,F,2025-06-10,2024-06-13,Jennifer Hernandez,Orthopedics,155.45,Y
1757,Julia Mckenzie,30,M,2025-08-13,2025-10-02,Sarah Scott,Cardiology,91.94,Y
1758,William Roberts Jr.,21,F,2025-08-17,2024-07-02,Savannah Beltran,Orthopedics,315.17,N
1759,Bradley Fuller,83,M,2025-05-13,2025-02-28,John Yang,General,69.97,Y
1760,David Wilson,78,M,2026-09-01,2025-05-07,Matthew Wilson,Cardiology,414.94,N
1761,David Rose,78,M,2025-11-09,2025-07-14,Dana Ewing,Orthopedics,114.73,Y
1762,Carly Dixon,30,M,2025-05-29,2025-01-26,Gary Murray,Orthopedics,125.8,N
1045,Pamela Davis,78,,2025-12-19,2025-09-15,Antonio Galloway,Orthopedics,320.38,Y
1763,Taylor Patterson,58,F,2026-03-25,2025-10-24,Ellen Miller,Neurology,199.03,N
1764,Jeff Lynch,57,F,2025-12-04,2024-10-12,Joseph Gibbs,Neurology,53.35,N
1765,Jennifer Stark,34,,2025-06-29,2024-12-04,Jason Williams,Neurology,270.33,N
1766,Caroline Reed,54,,2025-07-29,2024-06-06,Eric Kelly,Neurology,433.77,N
1767,Patricia Ramsey,85,F,2025-07-20,2024-11-27,Jennifer Tanner,General,399.55,N
1768,Mackenzie Walker,56,F,2025-03-27,2024-05-20,Jenny Wright,Orthopedics,335.95,Y
1769,James Gibbs,25,F,2025-11-16,2024-09-22,Lisa Norris,Cardiology,368.56,N
1770,Courtney Powell,82,,2026-01-24,2024-10-03,Kelly Hardin,Orthopedics,252.53,N
1771,Megan Mitchell,69,,2025-11-27,2024-05-18,Desiree Giles,Orthopedics,351.17,N
1772,Nathan Murphy,52,F,2025-11-24,2024-05-10,Kerry Rowe,Cardiology,164.9,N
1773,Edward Perry,54,,2025-12-09,2025-07-12,James Miller,General,484.52,N
1774,Patrick Ewing,52,M,2025-11-16,2025-03-24,Alexander Jackson,Cardiology,224.89,N
1775,Alexander Williams,85,F,2026-03-20,2025-10-08,Erin Chandler,Orthopedics,85.56,N
1776,Dale Fisher,24,M,2026-01-16,2024-04-20,Dr. Heidi Johnson,Cardiology,360.39,N
1777,Shawn Juarez,64,,2025-08-02,2025-05-31,Patrick Morrison,Neurology,110.8,Y
1778,Thomas Fleming,18,M,2025-06-04,2024-12-14,Kimberly Mcdonald,Neurology,73.45,N
1779,Nicholas Vasquez,49,M,2025-10-30,2025-06-12,Jennifer Anderson,Neurology,410.8,N
1780,Danny Cooper,21,M,2025-04-27,2025-03-13,Mark Morrison,Neurology,164.43,Y
1781,Tammy Williams,76,F,2026-02-26,2024-12-03,Christopher Graham,Cardiology,425.8,Y
1782,Cynthia Jones,38,,2025-05-31,2024-05-26,Eugene Little,Orthopedics,318.15,Y
1783,Rachel Russo,40,,2025-08-27,2025-07-13,Christine Wilson,Orthopedics,366.15,Y
1784,Jennifer Williams,80,M,2026-04-01,2025-10-18,Emily Barnes,General,498.84,N
1785,Theresa Young,69,M,2025-10-15,2025-06-11,Brenda Booth,General,152.7,N
1786,Michelle Mcclain,45,F,2025-11-11,2025-06-10,Mrs. Amy Miller,Cardiology,185.29,N
1787,Eric Lawson,78,M,2026-02-02,2025-11-14,Andrew Webb,Cardiology,179.07,N
1788,Roger Hatfield,52,M,2025-08-12,2025-01-22,Victoria Lopez,Orthopedics,196.21,N
1789,Elaine Williams,42,F,2026-03-15,2024-05-23,Daniel Carlson,Cardiology,189.02,Y
1790,Rebecca Gould,72,F,2025-04-04,2024-12-17,Xavier Richardson,General,397.0,N
1791,Kimberly Fitzpatrick,65,F,2025-10-07,2024-12-09,Mark Moore,Orthopedics,,N
1792,William Hatfield,32,M,2026-02-26,2025-04-14,Kristen Lopez,Neurology,112.79,N
1793,Brandy Navarro,27,,2025-07-16,2025-06-13,Matthew Nichols,Orthopedics,288.43,Y
1794,Trevor Anderson,32,F,2025-07-06,2025-04-10,Kenneth Johnson,Neurology,156.32,Y
1795,Benjamin Jenkins,86,,2025-07-23,2025-04-22,Michael Bond,General,258.12,N
1516,Christopher Lopez,45,M,2026-03-21,2024-05-04,Kevin Pearson,General,405.59,Y
1796,Courtney Wright,43,,2025-07-26,2024-05-24,Daniel Morris,Orthopedics,362.65,Y
1797,Dana Martinez,89,,2025-03-27,2024-12-16,Barry Bennett,Cardiology,466.92,N
1798,Dr. Karen Miller Dds,37,M,2025-04-19,2024-04-29,Martin Herring,Orthopedics,381.15,N
1799,Cynthia Wells,37,M,2025-11-17,2025-01-07,Ashlee Romero,Orthopedics,448.6,N
1800,Gary Walker,87,,2025-03-26,2024-03-26,Matthew Lopez,Orthopedics,216.23,Y
1801,Angela Smith,51,M,2025-02-09,2025-08-15,Nicholas Jones,Orthopedics,229.44,N
1505,Kyle Jones,29,M,2025-11-01,2025-03-17,Cheryl Mullins,Neurology,366.49,N
1802,Nichole Phillips,56,M,2025-09-17,2025-08-19,Michael Jackson,Cardiology,,Y
1803,Jenna Williams,67,,2025-07-19,2024-04-12,Ryan Mitchell,General,149.33,Y
1804,Melissa Richmond,33,M,2025-06-11,2025-02-19,Jasmin Holmes,Neurology,387.75,Y
1805,Katherine Olson,57,,2025-11-04,2025-03-21,Larry Roberts,Cardiology,202.68,N
1806,Justin Zimmerman,61,M,2025-11-05,2025-09-20,Tammy Thomas,Cardiology,245.09,N
1807,Joseph Rodriguez,69,F,2025-05-25,2024-06-15,Douglas Foster,Cardiology,94.37,Y
1808,Thomas Roman,64,F,2025-09-14,2024-07-15,Robert Bass,General,200.43,Y
1809,Tyler Trujillo,72,M,2025-12-11,2025-01-24,Andrea Walsh,Cardiology,167.07,N
1810,Jessica Rodriguez,18,M,2025-04-21,2024-09-04,Jeffrey Martin,Neurology,411.85,Y
1811,Matthew Lloyd,58,M,2026-01-17,2025-07-21,Timothy Morgan,Cardiology,244.78,N
1812,Daniel Barajas,56,F,2025-04-07,2025-01-08,Joshua Burnett,Neurology,236.44,Y
1813,Lori Dean,40,F,2025-05-11,2024-08-15,Theresa Williams,Orthopedics,312.26,N
1814,Melissa Wagner,59,M,2025-09-18,2024-06-15,Megan Garcia,Neurology,219.5,Y
1815,Christine Murphy,21,,2025-08-18,2024-07-23,Amanda Mendoza,Cardiology,96.21,Y
1816,Timothy Ramirez,56,F,2025-11-18,2025-02-07,Tiffany Shepherd,Cardiology,412.44,N
1817,Erica Thompson,34,F,2025-12-07,2025-10-11,Jill Kelley,General,466.72,N
1818,Troy Taylor,52,,2025-12-28,2025-02-24,Jason Gill,General,464.69,Y
1819,Kelly Hess,42,F,2025-05-19,2024-07-11,Seth Benson,General,268.93,N
1820,Rebecca Hall,68,M,2025-07-22,2025-06-28,Kevin Mendoza Dvm,General,111.4,N
1821,Morgan Torres,83,M,2026-02-02,2025-07-29,April Lyons,General,,N
1822,Nathaniel White,71,M,2025-04-20,2024-07-31,Andrew Clark,Cardiology,95.4,N
1823,Amy Pierce,83,F,2025-07-27,2025-03-28,Ian Castillo,Orthopedics,318.44,N
1824,Logan Sampson,64,M,2025-12-31,2025-04-19,Tiffany Melendez,Orthopedics,154.03,Y
1825,Tamara Ramirez Md,79,F,2025-12-23,2025-12-01,Emily Mcintosh,Neurology,126.87,Y
1826,Monica Mcclure,84,,2025-05-24,2024-05-10,Martha Byrd,General,347.94,Y
1827,Cynthia Hensley,86,M,2026-08-03,2024-07-09,David Robles,Neurology,160.38,Y
1828,Robin Donovan,69,M,2025-03-27,2024-04-08,Brian Brown,General,163.58,N
1829,Michael Espinoza,55,F,2025-04-29,2024-12-06,Amber King,Neurology,360.39,N
1830,Teresa Peters,78,M,2026-02-11,2024-11-14,Tracey Johnson,Neurology,468.01,N
1831,Daniel Willis,53,F,2025-05-11,2025-01-08,Megan Austin,Neurology,234.99,Y
1832,Marissa Randall,30,M,2025-12-23,2024-06-12,Kent Cannon,Neurology,299.12,Y
1833,Benjamin Lewis,85,M,2026-01-09,2025-05-03,Taylor Hicks,Cardiology,213.17,N
1834,Joseph Mcmillan,67,F,2025-05-20,2025-03-20,Frederick Nielsen,Orthopedics,308.59,N
1835,Jamie Nixon,69,,2026-03-16,2024-06-19,Scott Allen,General,412.82,N
1836,Jonathan Howell,63,M,2025-08-12,2024-11-03,Darryl Case,Orthopedics,421.18,Y
1837,Linda Miller,28,F,2026-08-03,2024-08-12,Patricia White,Orthopedics,,N
1838,Nicole Adams,25,F,2025-10-13,2025-03-13,Krystal Krueger,General,357.53,Y
1839,Alex Rowe,34,M,2025-11-28,2025-06-15,Derek Doyle,Cardiology,114.8,N
1840,Jennifer Reese,62,,2025-11-07,2024-08-11,James Aguilar,Cardiology,357.15,N
1841,Clinton Estrada,75,M,2025-11-06,2024-10-14,Jacob Bender,Orthopedics,,Y
1842,Sean Bailey,85,F,2025-09-06,2025-02-27,Erika Turner,Neurology,319.92,Y
1843,Dylan Jones,22,F,2025-10-02,2025-04-07,Katherine Small,General,498.58,N
1844,Cynthia Richard,36,M,2026-03-17,2024-08-25,Scott King,Orthopedics,208.03,N
1845,Jessica Pitts,72,,2026-10-03,2025-10-22,Miguel Hayes,Orthopedics,403.61,N
1846,Bryan Fritz,86,F,2025-08-03,2025-02-19,Kelsey Hernandez,Orthopedics,338.43,Y
1847,Tracy Mcdonald,34,F,2025-07-31,2024-04-09,Daniel Gutierrez,Cardiology,292.23,Y
1848,David Mcdonald,84,,2025-12-24,2024-08-30,Donald Garcia,General,302.66,Y
1849,Harry Wallace,80,F,2025-01-12,2024-10-28,Nancy Hernandez,Orthopedics,493.0,Y
1850,Robert Guerrero,54,M,2025-04-24,2024-10-07,Shane Brown,Cardiology,91.91,Y
1851,Dennis Hurley,81,M,2025-10-04,2024-12-16,Daniel Jacobson,General,329.3,Y
1852,Richard Richardson,80,,2025-11-24,2024-12-29,Robin Hebert,Cardiology,226.12,Y
1853,Kimberly Guzman,31,,2025-11-18,2025-04-02,Kristin Reeves,General,,Y
1854,Troy White,80,,2026-01-07,2024-05-26,Cindy Cox,Neurology,87.2,N
1855,Maria Boyd,69,F,2025-10-02,2025-02-23,Mike Miller,Cardiology,464.96,Y
1856,Alejandra Turner,31,,2025-05-31,2025-05-24,Bradley Jones,Cardiology,194.95,Y
1857,Glen Arroyo,70,F,2025-09-12,2024-06-03,Christopher Schneider,Neurology,167.31,Y
1858,Kenneth Cox,78,M,2026-01-22,2025-07-06,Brian Walker,General,123.28,N
1859,Victoria Gomez,72,F,2025-06-26,2025-05-19,Nicole Chandler,General,205.35,Y
1860,Nicole Shepard,28,,2026-03-23,2024-01-04,Mr. Ricky Le,Cardiology,77.79,Y
1861,Chelsey Moore,34,F,2025-10-12,2025-01-15,Randy Garrett,Cardiology,344.56,Y
1862,Sarah Hahn,60,,2026-03-19,2024-10-18,Theresa Lee,General,123.03,Y
1863,Audrey Irwin,55,F,2025-11-22,2024-09-09,Michael Murphy,Orthopedics,96.12,N
1864,Mary Werner,32,,2025-07-22,2024-04-12,Bonnie Walker,Orthopedics,69.13,Y
1865,Amy King,49,F,2025-09-15,2025-01-30,Peter Wells,General,241.48,Y
1866,Mr. Paul Chavez,65,M,2025-07-23,2025-02-04,Evan Marquez,Neurology,159.06,Y
1867,Michael Short,83,M,2026-03-01,2024-12-21,Charles Hess,Orthopedics,483.19,Y
1868,Kimberly Robinson,26,F,2026-03-04,2025-12-28,Michael Wright,Cardiology,71.67,N
1869,Pamela Johnson,80,F,2025-07-01,2024-11-12,Crystal Garza,General,417.42,Y
1870,Kevin Peters,19,F,2025-07-23,2025-04-28,Nancy Wilson,General,96.78,N
1871,Meghan Evans,79,,2025-11-21,2025-09-11,Courtney Yang,Orthopedics,337.15,N
1872,Bethany Williams,21,M,2025-11-12,2025-04-22,Kayla Woods,Neurology,51.38,N
1873,Sarah Fuller,80,M,2026-03-06,2025-06-18,Cody Ortega,Cardiology,460.11,Y
1264,Michael Sullivan,65,F,2025-07-04,2024-04-15,Anthony Mccoy,Neurology,434.95,N
1874,James Johnston,22,M,2025-11-02,2025-04-24,Drew Bartlett,General,206.53,Y
1875,Ricardo White,35,M,2025-10-27,2025-11-07,Tanya Barker,Cardiology,352.72,Y
1876,Robert Garcia,68,F,2025-04-03,2024-08-06,Eric Lewis,Orthopedics,245.84,N
1877,Miss Christine Lopez,75,F,2025-11-30,2025-06-05,Cynthia Turner,Cardiology,414.58,Y
1878,Amanda Fuller,56,M,2026-02-18,2024-12-08,Anthony Cruz,Orthopedics,347.68,Y
1879,Henry Quinn,23,F,2025-08-10,2025-04-22,Audrey Hansen,General,350.0,N
1880,Vincent Brown,32,F,2025-05-11,2024-07-06,Brianna Garcia,Neurology,236.22,N
1881,Kimberly Barnett,69,M,2025-04-10,2025-07-31,William Bryan,General,477.98,Y
1882,Thomas Banks,80,,2025-09-12,2025-10-21,George Stevens,Cardiology,451.66,N
1883,Carolyn Jacobson,47,F,2026-02-11,2025-02-14,Katrina Johnston,Cardiology,365.37,N
1884,William Sparks,48,,2025-03-26,2024-12-03,Jeffrey Ashley Jr.,Cardiology,193.18,N
1885,Adam Lane,76,F,2026-03-21,2024-09-20,Lynn Dorsey,Neurology,104.3,Y
1886,James Stout,20,,2025-03-10,2025-07-30,Andrea Myers,Neurology,77.05,N
1887,Tammy Yates,35,,2025-10-29,2025-06-09,Nancy Luna,Cardiology,58.55,N
1888,Gregory Garcia,73,F,2025-01-05,2024-07-25,Megan Jensen,Cardiology,466.08,N
1486,Brian Davis,72,F,2025-12-26,2024-08-05,Michelle Smith,Neurology,480.75,Y
1889,Bradley Myers,63,M,2025-11-09,2024-12-08,Mark Barrett,Neurology,426.51,Y
1890,Alexa Landry,24,M,2025-09-16,2025-01-16,Larry Delgado,Orthopedics,73.59,Y
1891,Tracy Smith,30,F,2025-05-24,2024-05-07,Amber Baxter,Neurology,139.49,Y
1892,Bradley Leach,25,F,2025-11-13,2024-12-13,Amanda Flores,General,85.07,Y
1893,Autumn Griffin,55,,2025-09-21,2024-06-18,Isabel Harris,Orthopedics,202.41,N
1894,Daniel Rivera,63,F,2025-12-28,2025-12-22,Morgan Green,Neurology,155.42,Y
1895,Christina Eaton,85,M,2026-01-20,2025-03-10,Stephanie Kelley Dvm,Neurology,192.87,N
1896,Jeffrey Hart,70,F,2025-12-09,2024-11-16,Jacob Townsend,Orthopedics,459.66,Y
1897,Steven Henderson,53,,2026-02-15,2025-04-27,Nicole Martinez,Orthopedics,163.4,Y
1898,Brittany Wall,37,M,2026-02-28,2024-04-18,Willie Dean,General,77.2,N
1899,David Martinez,80,M,2025-09-13,2025-07-07,Amber Braun,Cardiology,,Y
1900,Brandon Sanders,27,M,2026-01-09,2025-03-16,Amy Dunlap,Orthopedics,370.25,N
1901,Tiffany Miller,85,,2025-03-29,2025-03-07,Melissa Bradley,Cardiology,151.02,N
1902,Michael Gonzales,86,M,2025-12-23,2024-11-24,Richard Torres,General,491.64,N
1903,Richard Wagner,20,M,2025-12-06,2025-11-25,Christopher Sherman,General,270.47,Y
1904,Sheila Barrett,25,M,2025-11-19,2025-11-15,John Wallace,Cardiology,170.53,N
1905,Scott Walker,62,M,2026-03-22,2025-11-28,Brianna Hernandez,Neurology,433.63,Y
1906,Daniel Marshall,74,M,2025-12-11,2025-04-23,Lisa Taylor,Cardiology,297.5,Y
1907,Eric Allen,67,,2025-08-01,2025-05-09,Amanda Mclaughlin,Neurology,329.83,N
1908,Abigail Warner,53,F,2025-10-25,2024-05-23,Heather Stokes,Orthopedics,418.27,Y
1909,Dalton Rodriguez,54,,2025-08-01,2024-05-07,Erica Sanchez,General,467.2,Y
1910,Sharon Lopez,79,,2025-09-09,2025-02-02,Yolanda Richardson,Neurology,487.57,N
1911,Mary Foster,42,M,2025-04-20,2024-10-09,Terry Welch,Cardiology,443.13,Y
1912,Tracie Jefferson,74,F,2025-07-24,2025-04-24,Margaret Robinson,General,153.53,Y
1913,Benjamin Brown,45,,2026-03-07,2024-08-17,Andrea Hernandez,General,84.44,Y
1914,Katherine Wilson,44,,2025-12-01,2024-07-31,Mitchell Sims,Orthopedics,203.3,Y
1915,Tiffany Cooper,58,M,2025-07-05,2025-05-16,Katrina Jones,General,79.8,Y
1916,Lisa Hill,68,F,2025-06-23,2024-10-24,Mia Boyd,Cardiology,169.01,N
1917,Tina Lewis,40,F,2026-02-10,2025-12-18,Derrick Salazar,Neurology,59.67,Y
1918,James Mendez,89,F,2025-07-02,2025-04-08,Jackie Brooks,General,186.43,N
1919,Kimberly Morrison,34,,2026-03-04,2024-11-09,Brian Young,Orthopedics,248.31,Y
1920,Jason Larson,66,F,2026-02-02,2025-02-14,Helen Davis,Neurology,241.91,Y
1921,James Price,72,M,2025-06-20,2024-09-18,Jessica Garcia,General,194.55,Y
1922,Whitney Bradley,31,,2025-05-27,2024-12-20,Ryan White,General,111.71,N
1923,Penny Friedman,20,M,2026-03-23,2025-06-13,Janice Taylor,Cardiology,218.84,Y
1924,Angela Davis,87,F,2026-01-22,2024-03-11,Danielle Meyer,Orthopedics,60.76,N
1925,Craig Nixon,55,,2025-10-12,2025-08-20,William Key,Neurology,341.19,N
1926,Ryan Kennedy,81,,2026-02-07,2024-06-27,Scott Shannon,General,490.67,Y
1927,Alexander Le,77,F,2026-01-20,2024-04-04,Cynthia Booker,Neurology,252.22,Y
1928,Joshua Sanchez Dds,79,F,2025-03-29,2024-06-27,George Flores,Orthopedics,154.29,Y
1929,James Miller,23,M,2025-09-09,2024-11-25,Dawn Collins,General,139.43,N
1930,Stacy Cunningham,32,M,2026-03-09,2024-11-14,Laura Klein,General,413.53,N
1931,Jordan Hudson,74,,2025-06-17,2024-04-25,Linda Martin,Cardiology,475.27,Y
1932,Crystal Oneal,60,,2025-08-19,2025-01-23,Harold Gray,Neurology,421.74,Y
1933,Jennifer Shaffer,59,,2025-06-08,2024-12-26,Brittany Watson,Orthopedics,382.64,Y
1934,Joshua Wallace,60,,2025-12-26,2024-05-22,Melissa Price,General,416.08,N
1935,Anna Rowe,59,F,2026-02-26,2024-08-25,Judith Preston,Neurology,83.61,N
1936,Vanessa Perkins,22,F,2026-03-16,2024-11-26,Megan Smith,Orthopedics,457.94,Y
1937,Brad Hill,87,M,2025-10-22,2025-02-28,Emily Joseph,Cardiology,92.16,Y
1938,Carol Foster,61,M,2025-10-19,2025-08-22,Bryan Mann,Neurology,389.37,N
1939,Summer Bishop,37,,2025-10-21,2025-08-07,Cynthia Green,Cardiology,,Y
1391,Regina Wilson,73,M,2025-12-31,2024-12-14,Heidi Hamilton,Neurology,275.12,Y
1940,Jackie Lane,56,,2025-06-04,2024-05-29,Jackie Harper,Cardiology,335.27,Y
1941,Shawn Tucker,84,F,2026-02-15,2025-11-21,Melissa Schmidt,Orthopedics,258.38,Y
1942,James Fox,60,F,2025-12-22,2024-05-17,Victoria Osborne,General,204.86,Y
1943,Heather Jackson,58,F,2025-04-06,2025-01-26,Todd Silva,Neurology,365.13,N
1944,Elizabeth Decker,86,F,2025-10-22,2025-07-19,Brandi Hale,Orthopedics,168.18,Y
1945,Jessica Heath,86,,2025-06-25,2024-04-24,Sherri Long,Cardiology,61.37,Y
1946,Nicholas Kelly,53,F,2026-03-23,2025-04-02,Paula Freeman,Cardiology,,Y
1947,Loretta Richardson,29,,2025-08-22,2025-04-25,Shane Jackson,Neurology,120.34,Y
1948,Sherri Guzman,37,,2025-09-14,2024-05-20,Carlos Morton,Orthopedics,472.57,Y
1949,Erin Small,82,M,2025-05-15,2025-05-13,Jeff Lane,General,403.87,N
1950,Patricia Johnson Dds,70,,2025-06-12,2024-11-27,Ana Hunt,Neurology,144.89,Y
1951,Daniel Vazquez,83,F,2026-03-21,2025-12-09,Lisa Fry,Neurology,194.82,Y
1952,Dwayne Clarke,42,M,2025-08-12,2024-08-09,Andrew Meadows,Neurology,150.94,N
1953,Brandi Osborn,42,F,2026-02-01,2025-12-31,Daisy Rodriguez,Neurology,73.97,N
1954,Vanessa Allen,52,M,2026-01-09,2025-06-08,Amy Chavez,Neurology,243.94,Y
1955,Jon Berry,27,M,2025-11-02,2024-04-25,Heather Foster,General,342.3,Y
1956,Dr. Lindsey Arias Dds,48,,2025-09-14,2024-11-28,Colton Williams,Cardiology,91.87,N
1957,Megan Murphy,35,,2025-04-19,2025-04-11,Kevin Coleman,Cardiology,359.5,N
1958,Luis Rodriguez,50,M,2025-11-23,2025-09-24,Samantha Bass Md,Orthopedics,294.58,Y
1959,Kathryn Green,86,,2025-05-01,2024-08-19,Robert Moreno,Cardiology,415.78,Y
1960,Dr. Christina Dunn,51,F,2025-09-11,2024-06-13,Madeline Sharp,General,381.59,N
1961,Todd Wilson,56,M,2025-05-15,2024-05-05,Rebecca Harrington,Orthopedics,258.64,Y
1962,Ryan Williams,88,F,2025-12-27,2024-12-25,Veronica Fry,General,398.47,Y
1963,Manuel Becker,66,F,2025-05-17,2024-08-29,Jacob Patel,Neurology,139.99,N
1964,Tony Gibbs,39,,2025-01-11,2024-10-13,Brandon Morris,General,354.36,N
1965,Allison Ramos,75,F,2025-12-28,2024-12-16,Chase Ford,Neurology,482.2,Y
1966,Randy Wright,27,,2025-08-14,2024-12-02,Jennifer Banks,Orthopedics,272.47,N
1967,Lance Hobbs,59,,2025-10-10,2024-08-18,Mr. James Brown,General,143.32,N
1968,Richard Alexander,29,F,2025-11-09,2025-07-16,Monica Torres,Cardiology,358.68,N
1969,Michelle Payne,87,M,2025-07-02,2024-11-25,Cassandra Bishop,Orthopedics,119.41,N
1970,Jamie Mcclure,35,F,2026-03-13,2025-07-27,Katherine Sanders,Orthopedics,80.38,Y
1971,Kimberly Meyer,35,,2025-12-17,2024-04-27,Christopher Perez,Orthopedics,441.33,N
1972,Jennifer Dorsey,27,,2026-10-02,2025-06-29,Michael Stanley,General,147.08,N
1973,Zachary Frazier,88,F,2026-02-14,2024-12-27,Tamara Thompson,Orthopedics,481.92,N
1974,Anne Jones Dvm,48,F,2026-01-05,2025-05-30,Linda French,General,296.43,Y
1975,Travis Rodriguez,85,M,2025-10-20,2025-08-10,Richard Wagner,Neurology,426.64,Y
1976,Timothy Walter,28,F,2025-07-21,2025-07-14,Miss Julie Rodriguez,Neurology,112.48,Y
1561,Erika Davis,42,M,2025-07-30,2025-03-09,Jamie Andrews,Cardiology,393.1,Y
1977,Ryan Miller,31,M,2025-11-07,2025-03-19,Alexa Peterson,Orthopedics,259.72,Y
1978,Mrs. Katherine Huber Phd,74,M,2025-05-09,2024-12-11,Kathryn Young,Cardiology,488.54,N
1979,Jessica Maldonado Dds,25,,2025-04-21,2024-09-20,Kelly Thomas,Cardiology,166.21,N
1980,Eric Coffey,23,,2025-08-28,2024-09-04,Jeffrey Burns,Cardiology,284.29,N
1981,Megan Edwards,69,,2025-08-10,2025-05-19,Eric Arellano,Neurology,439.46,N
1982,Sonia Moss,52,F,2025-11-06,2024-09-21,Joy Armstrong,Neurology,244.09,Y
1983,Ms. Kristen Johnson,60,M,2026-02-15,2024-04-14,Susan Griffin,Neurology,455.57,Y
1984,Terrence Long,46,M,2026-02-01,2025-06-27,Natalie Rodriguez,Cardiology,182.71,Y
1985,Jamie Wright,62,,2025-04-03,2025-03-18,Lori Hall,Orthopedics,211.18,Y
1986,Melanie Lee,31,M,2025-01-10,2024-10-25,Andrea Kennedy,Cardiology,441.89,N
1987,Adam Torres,58,M,2025-03-07,2024-08-25,Daniel Le,Neurology,329.25,N
1988,Sonya Wheeler,60,F,2025-09-07,2024-04-13,Adam Carlson,Orthopedics,433.05,Y
